{
  "K01653": {
    "Dk": 0.611,
    "E_values_MAG": 0.0,
    "E_value_trusted": 0.0,
    "KO_freq": 0.7955
  },
  "K00826": {
    "Dk": 1.0,
    "E_values_MAG": 0.0,
    "E_value_trusted": 0.0,
    "KO_freq": 0.9307
  },
  "K17989": {
    "Dk": 0.9997,
    "E_values_MAG": 0.0,
    "E_value_trusted": 0.0,
    "KO_freq": 0.0279
  },
  "K00053": {
    "Dk": 1.0,
    "E_values_MAG": 0.0,
    "E_value_trusted": 0.0,
    "KO_freq": 0.8559
  },
  "K11258": {
    "Dk": 0.2189,
    "E_values_MAG": 0.02,
    "E_value_trusted": 0.0,
    "KO_freq": 0.3073
  },
  "K01652": {
    "Dk": 0.6932,
    "E_values_MAG": 0.0,
    "E_value_trusted": 0.0,
    "KO_freq": 0.819
  },
  "K01687": {
    "Dk": 1.0,
    "E_values_MAG": 0.0,
    "E_value_trusted": 0.0,
    "KO_freq": 0.8246
  },
  "K01754": {
    "Dk": 1.0,
    "E_values_MAG": 0.0,
    "E_value_trusted": 0.0,
    "KO_freq": 0.8112
  }
}