{
  "K11785": {
    "Dk": 0.0462,
    "E_values_MAG": 10000.0,
    "E_value_trusted": 0.0,
    "KO_freq": 0.0648
  },
  "K18284": {
    "Dk": 0.0358,
    "E_values_MAG": 10000.0,
    "E_value_trusted": 0.0,
    "KO_freq": 0.0503
  },
  "K18285": {
    "Dk": 0.0414,
    "E_values_MAG": 1.2,
    "E_value_trusted": 0.0,
    "KO_freq": 0.0581
  },
  "K11782": {
    "Dk": 0.0501,
    "E_values_MAG": 10000.0,
    "E_value_trusted": 0.0,
    "KO_freq": 0.0704
  },
  "K11784": {
    "Dk": 0.0501,
    "E_values_MAG": 10000.0,
    "E_value_trusted": 0.0,
    "KO_freq": 0.0704
  }
}