{
  "K18366": {
    "Dk": 0.0111,
    "E_values_MAG": 10000.0,
    "E_value_trusted": 0.0,
    "KO_freq": 0.0156
  },
  "K04073": {
    "Dk": 0.0995,
    "E_values_MAG": 0.68,
    "E_value_trusted": 0.0,
    "KO_freq": 0.1397
  },
  "K10216": {
    "Dk": 0.1872,
    "E_values_MAG": 0.0,
    "E_value_trusted": 0.0,
    "KO_freq": 0.0101
  },
  "K18364": {
    "Dk": 0.0111,
    "E_values_MAG": 10000.0,
    "E_value_trusted": 0.0,
    "KO_freq": 0.0156
  },
  "K02554": {
    "Dk": 0.0955,
    "E_values_MAG": 7.9,
    "E_value_trusted": 0.0,
    "KO_freq": 0.1341
  },
  "K18365": {
    "Dk": 0.781,
    "E_values_MAG": 0.0,
    "E_value_trusted": 0.0,
    "KO_freq": 0.0156
  },
  "K01617": {
    "Dk": 0.0143,
    "E_values_MAG": 6.9,
    "E_value_trusted": 0.0,
    "KO_freq": 0.0201
  },
  "K01666": {
    "Dk": 0.3584,
    "E_values_MAG": 0.0,
    "E_value_trusted": 0.0,
    "KO_freq": 0.1911
  },
  "K07104": {
    "Dk": 0.9961,
    "E_values_MAG": 0.0,
    "E_value_trusted": 0.0,
    "KO_freq": 0.2324
  },
  "K10217": {
    "Dk": 1.0,
    "E_values_MAG": 0.0,
    "E_value_trusted": 0.0,
    "KO_freq": 0.0246
  },
  "K00446": {
    "Dk": 0.0533,
    "E_values_MAG": 0.0,
    "E_value_trusted": 0.0,
    "KO_freq": 0.048
  },
  "K01821": {
    "Dk": 0.4624,
    "E_values_MAG": 10000.0,
    "E_value_trusted": 0.0,
    "KO_freq": 0.6492
  }
}