{
  "K20169": {
    "Dk": 0.0007,
    "E_values_MAG": 0.0001,
    "E_value_trusted": 0.0,
    "KO_freq": 0.001
  },
  "K18276": {
    "Dk": 0.0238,
    "E_values_MAG": 0.0,
    "E_value_trusted": 0.0,
    "KO_freq": 0.001
  },
  "K20158": {
    "Dk": 0.0007,
    "E_values_MAG": 0.014,
    "E_value_trusted": 0.0,
    "KO_freq": 0.001
  },
  "K20170": {
    "Dk": 0.0024,
    "E_values_MAG": 10000.0,
    "E_value_trusted": 0.0,
    "KO_freq": 0.0034
  },
  "K20171": {
    "Dk": 0.0007,
    "E_values_MAG": 0.0075,
    "E_value_trusted": 0.0,
    "KO_freq": 0.001
  },
  "K15359": {
    "Dk": 0.0007,
    "E_values_MAG": 10000.0,
    "E_value_trusted": 0.0,
    "KO_freq": 0.001
  },
  "K20172": {
    "Dk": 0.6923,
    "E_values_MAG": 0.0,
    "E_value_trusted": 0.0,
    "KO_freq": 0.3028
  },
  "K19700": {
    "Dk": 1.0,
    "E_values_MAG": 0.0,
    "E_value_trusted": 0.0,
    "KO_freq": 0.001
  }
}