{
    "START": [
        "K00446_1",
        "K07104_2"
    ],
    "K07104_2": [
        "K10216_6",
        "K10217_3"
    ],
    "K10217_3": [
        "K01821_4"
    ],
    "K01821_4": [
        "K01617_5"
    ],
    "K01617_5": [
        "K02554_8",
        "K18364_7"
    ],
    "K18364_7": [
        "K01666_10",
        "K18365_9"
    ],
    "K01666_10": [
        "K18366_11",
        "K04073_12"
    ],
    "K04073_12": [
        "SINK"
    ],
    "K10216_6": [
        "K02554_8",
        "K18364_7"
    ],
    "K00446_1": [
        "K10217_3",
        "K10216_6"
    ],
    "K18366_11": [
        "SINK"
    ],
    "K18365_9": [
        "K18366_11",
        "K04073_12"
    ],
    "K02554_8": [
        "K01666_10",
        "K18365_9"
    ]
}