{
  "K20075": {
    "Dk": 0.0007,
    "E_values_MAG": 0.078,
    "E_value_trusted": 0.0,
    "KO_freq": 0.001
  },
  "K20081": {
    "Dk": 0.0298,
    "E_values_MAG": 0.0,
    "E_value_trusted": 0.0,
    "KO_freq": 0.001
  },
  "K20078": {
    "Dk": 0.0257,
    "E_values_MAG": 0.0,
    "E_value_trusted": 0.0,
    "KO_freq": 0.001
  },
  "K20082": {
    "Dk": 0.0672,
    "E_values_MAG": 0.0,
    "E_value_trusted": 0.0,
    "KO_freq": 0.001
  },
  "K20077": {
    "Dk": 0.0007,
    "E_values_MAG": 0.0058,
    "E_value_trusted": 0.0,
    "KO_freq": 0.001
  },
  "K20076": {
    "Dk": 0.0007,
    "E_values_MAG": 10000.0,
    "E_value_trusted": 0.0,
    "KO_freq": 0.001
  },
  "K20080": {
    "Dk": 0.0007,
    "E_values_MAG": 8.6,
    "E_value_trusted": 0.0,
    "KO_freq": 0.001
  },
  "K20079": {
    "Dk": 0.0007,
    "E_values_MAG": 10000.0,
    "E_value_trusted": 0.0,
    "KO_freq": 0.001
  }
}