{
  "K00405": {
    "Dk": 0.1504,
    "E_values_MAG": 10000.0,
    "E_value_trusted": 0.0,
    "KO_freq": 0.2112
  },
  "K15862": {
    "Dk": 0.0032,
    "E_values_MAG": 10000.0,
    "E_value_trusted": 0.0,
    "KO_freq": 0.0045
  },
  "K00404": {
    "Dk": 0.1504,
    "E_values_MAG": 10000.0,
    "E_value_trusted": 0.0,
    "KO_freq": 0.2112
  },
  "K00407": {
    "Dk": 0.1488,
    "E_values_MAG": 10000.0,
    "E_value_trusted": 0.0,
    "KO_freq": 0.2089
  },
  "K00406": {
    "Dk": 0.8022,
    "E_values_MAG": 0.0,
    "E_value_trusted": 0.0,
    "KO_freq": 0.2872
  }
}