{
    "START": [
        "K01662_1"
    ],
    "K01662_1": [
        "K00099_2"
    ],
    "K00099_2": [
        "K12506_4",
        "K00991_3"
    ],
    "K12506_4": [
        "K00919_5"
    ],
    "K00919_5": [
        "K01770_6",
        "K12506_7"
    ],
    "K12506_7": [
        "K03526_8"
    ],
    "K03526_8": [
        "K03527_9"
    ],
    "K03527_9": [
        "K01823_10"
    ],
    "K01823_10": [
        "SINK"
    ],
    "K00991_3": [
        "K00919_5"
    ],
    "K01770_6": [
        "K03526_8"
    ]
}