{
  "K02204": {
    "Dk": 0.2155,
    "E_values_MAG": 0.0,
    "E_value_trusted": 0.0,
    "KO_freq": 0.1698
  },
  "K12524": {
    "Dk": 1.0,
    "E_values_MAG": 0.0,
    "E_value_trusted": 0.0,
    "KO_freq": 0.3575
  },
  "K00133": {
    "Dk": 1.0,
    "E_values_MAG": 0.0,
    "E_value_trusted": 0.0,
    "KO_freq": 0.9587
  },
  "K02203": {
    "Dk": 0.0342,
    "E_values_MAG": 0.0009,
    "E_value_trusted": 0.0,
    "KO_freq": 0.048
  },
  "K00928": {
    "Dk": 0.9999,
    "E_values_MAG": 0.0,
    "E_value_trusted": 0.0,
    "KO_freq": 0.9263
  },
  "K00872": {
    "Dk": 1.0,
    "E_values_MAG": 0.0,
    "E_value_trusted": 0.0,
    "KO_freq": 0.7173
  },
  "K12525": {
    "Dk": 0.5152,
    "E_values_MAG": 0.0,
    "E_value_trusted": 0.0,
    "KO_freq": 0.2603
  },
  "K01733": {
    "Dk": 0.9881,
    "E_values_MAG": 0.0,
    "E_value_trusted": 0.0,
    "KO_freq": 0.8771
  },
  "K00003": {
    "Dk": 1.0,
    "E_values_MAG": 0.0,
    "E_value_trusted": 0.0,
    "KO_freq": 0.5553
  },
  "K12526": {
    "Dk": 0.2901,
    "E_values_MAG": 0.0,
    "E_value_trusted": 0.0,
    "KO_freq": 0.0302
  }
}