{
  "K02615": {
    "Dk": 0.4173,
    "E_values_MAG": 0.0,
    "E_value_trusted": 0.0,
    "KO_freq": 0.1196
  },
  "K02610": {
    "Dk": 0.3567,
    "E_values_MAG": 0.0,
    "E_value_trusted": 0.0,
    "KO_freq": 0.2302
  },
  "K02613": {
    "Dk": 0.1687,
    "E_values_MAG": 1.1,
    "E_value_trusted": 0.0,
    "KO_freq": 0.2369
  },
  "K02611": {
    "Dk": 0.998,
    "E_values_MAG": 0.0,
    "E_value_trusted": 0.0,
    "KO_freq": 0.2291
  },
  "K02609": {
    "Dk": 1.0,
    "E_values_MAG": 0.0,
    "E_value_trusted": 0.0,
    "KO_freq": 0.2302
  },
  "K00074": {
    "Dk": 1.0,
    "E_values_MAG": 0.0,
    "E_value_trusted": 0.0,
    "KO_freq": 0.3162
  },
  "K01912": {
    "Dk": 1.0,
    "E_values_MAG": 0.0,
    "E_value_trusted": 0.0,
    "KO_freq": 0.2659
  },
  "K02612": {
    "Dk": 0.9942,
    "E_values_MAG": 0.0,
    "E_value_trusted": 0.0,
    "KO_freq": 0.2302
  },
  "K02618": {
    "Dk": 0.1753,
    "E_values_MAG": 0.0,
    "E_value_trusted": 0.0,
    "KO_freq": 0.1687
  },
  "K01692": {
    "Dk": 1.0,
    "E_values_MAG": 0.0,
    "E_value_trusted": 0.0,
    "KO_freq": 0.162
  },
  "K15866": {
    "Dk": 1.0,
    "E_values_MAG": 0.0,
    "E_value_trusted": 0.0,
    "KO_freq": 0.257
  }
}