{
  "K18349": {
    "Dk": 0.3281,
    "E_values_MAG": 0.0,
    "E_value_trusted": 0.0,
    "KO_freq": 0.0648
  },
  "K18350": {
    "Dk": 0.9997,
    "E_values_MAG": 0.0,
    "E_value_trusted": 0.0,
    "KO_freq": 0.1307
  },
  "K18348": {
    "Dk": 0.2098,
    "E_values_MAG": 0.0,
    "E_value_trusted": 0.0,
    "KO_freq": 0.0101
  },
  "K18866": {
    "Dk": 0.0072,
    "E_values_MAG": 10000.0,
    "E_value_trusted": 0.0,
    "KO_freq": 0.0101
  },
  "K18856": {
    "Dk": 0.3072,
    "E_values_MAG": 0.0,
    "E_value_trusted": 0.0,
    "KO_freq": 0.0056
  }
}