{
  "K03889": {
    "Dk": 0.0454,
    "E_values_MAG": 0.0,
    "E_value_trusted": 0.0,
    "KO_freq": 0.0637
  },
  "K00412": {
    "Dk": 0.2021,
    "E_values_MAG": 10000.0,
    "E_value_trusted": 0.0,
    "KO_freq": 0.2838
  },
  "K03890": {
    "Dk": 0.0454,
    "E_values_MAG": 0.33,
    "E_value_trusted": 0.0,
    "KO_freq": 0.0637
  },
  "K00410": {
    "Dk": 0.0064,
    "E_values_MAG": 10000.0,
    "E_value_trusted": 0.0,
    "KO_freq": 0.0089
  },
  "K03888": {
    "Dk": 0.0287,
    "E_values_MAG": 0.0001,
    "E_value_trusted": 0.0,
    "KO_freq": 0.0402
  },
  "K03891": {
    "Dk": 0.0454,
    "E_values_MAG": 10000.0,
    "E_value_trusted": 0.0,
    "KO_freq": 0.0637
  },
  "K00413": {
    "Dk": 0.2061,
    "E_values_MAG": 0.13,
    "E_value_trusted": 0.0,
    "KO_freq": 0.2894
  },
  "K00411": {
    "Dk": 0.2061,
    "E_values_MAG": 0.0,
    "E_value_trusted": 0.0,
    "KO_freq": 0.2894
  },
  "K03886": {
    "Dk": 0.8008,
    "E_values_MAG": 0.0,
    "E_value_trusted": 0.0,
    "KO_freq": 0.0402
  },
  "K03887": {
    "Dk": 0.0287,
    "E_values_MAG": 10000.0,
    "E_value_trusted": 0.0,
    "KO_freq": 0.0402
  }
}