{
  "K02566": {
    "Dk": 0.1799,
    "E_values_MAG": 0.2,
    "E_value_trusted": 0.0,
    "KO_freq": 0.2525
  },
  "K19970": {
    "Dk": 0.0007,
    "E_values_MAG": 10000.0,
    "E_value_trusted": 0.0,
    "KO_freq": 0.001
  },
  "K19572": {
    "Dk": 0.004,
    "E_values_MAG": 10000.0,
    "E_value_trusted": 0.0,
    "KO_freq": 0.0056
  },
  "K13482": {
    "Dk": 0.8151,
    "E_values_MAG": 0.0,
    "E_value_trusted": 0.0,
    "KO_freq": 0.1184
  },
  "K13480": {
    "Dk": 0.9966,
    "E_values_MAG": 0.0,
    "E_value_trusted": 0.0,
    "KO_freq": 0.038
  },
  "K01488": {
    "Dk": 0.261,
    "E_values_MAG": 10000.0,
    "E_value_trusted": 0.0,
    "KO_freq": 0.3665
  },
  "K00106": {
    "Dk": 0.9981,
    "E_values_MAG": 0.0,
    "E_value_trusted": 0.0,
    "KO_freq": 0.001
  },
  "K13481": {
    "Dk": 0.9977,
    "E_values_MAG": 0.0,
    "E_value_trusted": 0.0,
    "KO_freq": 0.1229
  },
  "K01081": {
    "Dk": 0.1655,
    "E_values_MAG": 10000.0,
    "E_value_trusted": 0.0,
    "KO_freq": 0.2324
  },
  "K08693": {
    "Dk": 0.0127,
    "E_values_MAG": 10000.0,
    "E_value_trusted": 0.0,
    "KO_freq": 0.0179
  },
  "K11751": {
    "Dk": 0.191,
    "E_values_MAG": 10000.0,
    "E_value_trusted": 0.0,
    "KO_freq": 0.2682
  },
  "K18550": {
    "Dk": 0.0007,
    "E_values_MAG": 10000.0,
    "E_value_trusted": 0.0,
    "KO_freq": 0.001
  },
  "K11178": {
    "Dk": 0.0804,
    "E_values_MAG": 10000.0,
    "E_value_trusted": 0.0,
    "KO_freq": 0.1128
  },
  "K03783": {
    "Dk": 0.2929,
    "E_values_MAG": 10000.0,
    "E_value_trusted": 0.0,
    "KO_freq": 0.4112
  },
  "K03784": {
    "Dk": 0.4875,
    "E_values_MAG": 0.0,
    "E_value_trusted": 0.0,
    "KO_freq": 0.6156
  },
  "K11177": {
    "Dk": 0.1773,
    "E_values_MAG": 0.0,
    "E_value_trusted": 0.0,
    "KO_freq": 0.1117
  },
  "K05810": {
    "Dk": 1.0,
    "E_values_MAG": 0.0,
    "E_value_trusted": 0.0,
    "KO_freq": 0.7966
  },
  "K13479": {
    "Dk": 0.0279,
    "E_values_MAG": 10000.0,
    "E_value_trusted": 0.0,
    "KO_freq": 0.0391
  },
  "K09913": {
    "Dk": 0.2531,
    "E_values_MAG": 10000.0,
    "E_value_trusted": 0.0,
    "KO_freq": 0.3553
  },
  "K00087": {
    "Dk": 0.9999,
    "E_values_MAG": 0.0,
    "E_value_trusted": 0.0,
    "KO_freq": 0.0469
  },
  "K13483": {
    "Dk": 0.9999,
    "E_values_MAG": 0.0,
    "E_value_trusted": 0.0,
    "KO_freq": 0.1117
  },
  "K01490": {
    "Dk": 0.0007,
    "E_values_MAG": 10000.0,
    "E_value_trusted": 0.0,
    "KO_freq": 0.001
  },
  "K03787": {
    "Dk": 0.9998,
    "E_values_MAG": 0.0,
    "E_value_trusted": 0.0,
    "KO_freq": 0.6011
  }
}