{
  "K01955": {
    "Dk": 0.6534,
    "E_values_MAG": 0.0,
    "E_value_trusted": 0.0,
    "KO_freq": 0.9173
  },
  "K13421": {
    "Dk": 0.1035,
    "E_values_MAG": 0.0,
    "E_value_trusted": 0.0,
    "KO_freq": 0.0056
  },
  "K11541": {
    "Dk": 1.0,
    "E_values_MAG": 0.0,
    "E_value_trusted": 0.0,
    "KO_freq": 0.001
  },
  "K00762": {
    "Dk": 1.0,
    "E_values_MAG": 0.0,
    "E_value_trusted": 0.0,
    "KO_freq": 0.9654
  },
  "K00610": {
    "Dk": 0.2435,
    "E_values_MAG": 10000.0,
    "E_value_trusted": 0.0,
    "KO_freq": 0.3419
  },
  "K00254": {
    "Dk": 1.0,
    "E_values_MAG": 0.0,
    "E_value_trusted": 0.0,
    "KO_freq": 0.705
  },
  "K17828": {
    "Dk": 0.9964,
    "E_values_MAG": 0.0,
    "E_value_trusted": 0.0,
    "KO_freq": 0.2827
  },
  "K01465": {
    "Dk": 1.0,
    "E_values_MAG": 0.0,
    "E_value_trusted": 0.0,
    "KO_freq": 0.5598
  },
  "K11540": {
    "Dk": 1.0,
    "E_values_MAG": 0.0,
    "E_value_trusted": 0.0,
    "KO_freq": 0.001
  },
  "K01954": {
    "Dk": 1.0,
    "E_values_MAG": 0.0,
    "E_value_trusted": 0.0,
    "KO_freq": 0.001
  },
  "K01591": {
    "Dk": 0.9999,
    "E_values_MAG": 0.0,
    "E_value_trusted": 0.0,
    "KO_freq": 0.9497
  },
  "K00608": {
    "Dk": 0.0479,
    "E_values_MAG": 0.0,
    "E_value_trusted": 0.0,
    "KO_freq": 0.001
  },
  "K00609": {
    "Dk": 1.0,
    "E_values_MAG": 0.0,
    "E_value_trusted": 0.0,
    "KO_freq": 0.9184
  },
  "K00226": {
    "Dk": 0.9997,
    "E_values_MAG": 0.0,
    "E_value_trusted": 0.0,
    "KO_freq": 0.1542
  },
  "K01956": {
    "Dk": 0.9402,
    "E_values_MAG": 0.0,
    "E_value_trusted": 0.0,
    "KO_freq": 0.886
  }
}