{
  "K05555": {
    "Dk": 0.2984,
    "E_values_MAG": 0.0,
    "E_value_trusted": 0.0,
    "KO_freq": 0.1017
  },
  "K12420": {
    "Dk": 0.9998,
    "E_values_MAG": 0.0,
    "E_value_trusted": 0.0,
    "KO_freq": 0.001
  },
  "K05552": {
    "Dk": 1.0,
    "E_values_MAG": 0.0,
    "E_value_trusted": 0.0,
    "KO_freq": 0.001
  },
  "K05554": {
    "Dk": 0.0007,
    "E_values_MAG": 4.5,
    "E_value_trusted": 0.0,
    "KO_freq": 0.001
  },
  "K05551": {
    "Dk": 1.0,
    "E_values_MAG": 0.0,
    "E_value_trusted": 0.0,
    "KO_freq": 0.001
  },
  "K05553": {
    "Dk": 0.0179,
    "E_values_MAG": 0.0,
    "E_value_trusted": 0.0,
    "KO_freq": 0.001
  },
  "K15885": {
    "Dk": 0.0007,
    "E_values_MAG": 10000.0,
    "E_value_trusted": 0.0,
    "KO_freq": 0.001
  },
  "K14250": {
    "Dk": 0.0007,
    "E_values_MAG": 0.14,
    "E_value_trusted": 0.0,
    "KO_freq": 0.001
  },
  "K15884": {
    "Dk": 0.0007,
    "E_values_MAG": 10000.0,
    "E_value_trusted": 0.0,
    "KO_freq": 0.001
  },
  "K14249": {
    "Dk": 0.0007,
    "E_values_MAG": 10000.0,
    "E_value_trusted": 0.0,
    "KO_freq": 0.001
  },
  "K15886": {
    "Dk": 0.0645,
    "E_values_MAG": 0.0038,
    "E_value_trusted": 0.0,
    "KO_freq": 0.0905
  }
}