{
  "K26139": {
    "Dk": 0.8943,
    "E_values_MAG": 0.0,
    "E_value_trusted": 0.0,
    "KO_freq": 0.1486
  },
  "K00372": {
    "Dk": 0.1433,
    "E_values_MAG": 10000.0,
    "E_value_trusted": 0.0,
    "KO_freq": 0.2011
  },
  "K17877": {
    "Dk": 0.0007,
    "E_values_MAG": 0.0,
    "E_value_trusted": 0.0,
    "KO_freq": 0.001
  },
  "K02575": {
    "Dk": 0.975,
    "E_values_MAG": 0.0,
    "E_value_trusted": 0.0,
    "KO_freq": 0.5251
  },
  "K00360": {
    "Dk": 0.9613,
    "E_values_MAG": 0.0,
    "E_value_trusted": 0.0,
    "KO_freq": 0.001
  },
  "K10534": {
    "Dk": 0.0007,
    "E_values_MAG": 10000.0,
    "E_value_trusted": 0.0,
    "KO_freq": 0.001
  },
  "K15576": {
    "Dk": 0.1329,
    "E_values_MAG": 10000.0,
    "E_value_trusted": 0.0,
    "KO_freq": 0.1866
  },
  "K15578": {
    "Dk": 0.2717,
    "E_values_MAG": 0.0,
    "E_value_trusted": 0.0,
    "KO_freq": 0.1866
  },
  "K00367": {
    "Dk": 0.0007,
    "E_values_MAG": 1.9,
    "E_value_trusted": 0.0,
    "KO_freq": 0.001
  },
  "K15577": {
    "Dk": 0.1393,
    "E_values_MAG": 0.0041,
    "E_value_trusted": 0.0,
    "KO_freq": 0.1955
  },
  "K00361": {
    "Dk": 0.0796,
    "E_values_MAG": 0.0,
    "E_value_trusted": 0.0,
    "KO_freq": 0.1117
  },
  "K00366": {
    "Dk": 0.3855,
    "E_values_MAG": 0.0,
    "E_value_trusted": 0.0,
    "KO_freq": 0.0335
  },
  "K26138": {
    "Dk": 0.3714,
    "E_values_MAG": 0.0,
    "E_value_trusted": 0.0,
    "KO_freq": 0.1385
  },
  "K15579": {
    "Dk": 0.9996,
    "E_values_MAG": 0.0,
    "E_value_trusted": 0.0,
    "KO_freq": 0.001
  }
}