{
  "K00768": {
    "Dk": 0.2937,
    "E_values_MAG": 10000.0,
    "E_value_trusted": 0.0,
    "KO_freq": 0.4123
  },
  "K02227": {
    "Dk": 0.2809,
    "E_values_MAG": 10000.0,
    "E_value_trusted": 0.0,
    "KO_freq": 0.3944
  },
  "K02232": {
    "Dk": 0.2706,
    "E_values_MAG": 0.0,
    "E_value_trusted": 0.0,
    "KO_freq": 0.3799
  },
  "K02225": {
    "Dk": 0.202,
    "E_values_MAG": 0.0,
    "E_value_trusted": 0.0,
    "KO_freq": 0.0994
  },
  "K00798": {
    "Dk": 0.3557,
    "E_values_MAG": 10000.0,
    "E_value_trusted": 0.0,
    "KO_freq": 0.4994
  },
  "K19221": {
    "Dk": 0.3112,
    "E_values_MAG": 10000.0,
    "E_value_trusted": 0.0,
    "KO_freq": 0.4369
  },
  "K02231": {
    "Dk": 0.3056,
    "E_values_MAG": 10000.0,
    "E_value_trusted": 0.0,
    "KO_freq": 0.4291
  },
  "K02226": {
    "Dk": 0.9864,
    "E_values_MAG": 0.0,
    "E_value_trusted": 0.0,
    "KO_freq": 0.2849
  },
  "K02233": {
    "Dk": 0.3056,
    "E_values_MAG": 10000.0,
    "E_value_trusted": 0.0,
    "KO_freq": 0.4291
  },
  "K22316": {
    "Dk": 0.1266,
    "E_values_MAG": 0.0,
    "E_value_trusted": 0.0,
    "KO_freq": 0.0492
  }
}