{
  "K16269": {
    "Dk": 0.0293,
    "E_values_MAG": 0.0,
    "E_value_trusted": 0.0,
    "KO_freq": 0.0011
  },
  "K18089": {
    "Dk": 0.0008,
    "E_values_MAG": 10000.0,
    "E_value_trusted": 0.0,
    "KO_freq": 0.0011
  },
  "K03268": {
    "Dk": 0.0234,
    "E_values_MAG": 0.0,
    "E_value_trusted": 0.0,
    "KO_freq": 0.0011
  },
  "K16268": {
    "Dk": 0.0493,
    "E_values_MAG": 10000.0,
    "E_value_trusted": 0.0,
    "KO_freq": 0.0693
  },
  "K18090": {
    "Dk": 0.0008,
    "E_values_MAG": 0.0,
    "E_value_trusted": 0.0,
    "KO_freq": 0.0011
  }
}