{
  "K00125": {
    "Dk": 0.0007,
    "E_values_MAG": 0.0067,
    "E_value_trusted": 0.0,
    "KO_freq": 0.001
  },
  "K14082": {
    "Dk": 0.0726,
    "E_values_MAG": 0.0,
    "E_value_trusted": 0.0,
    "KO_freq": 0.001
  },
  "K16178": {
    "Dk": 0.0007,
    "E_values_MAG": 10000.0,
    "E_value_trusted": 0.0,
    "KO_freq": 0.001
  },
  "K03390": {
    "Dk": 0.0797,
    "E_values_MAG": 0.0,
    "E_value_trusted": 0.0,
    "KO_freq": 0.0112
  },
  "K22482": {
    "Dk": 0.0007,
    "E_values_MAG": 0.044,
    "E_value_trusted": 0.0,
    "KO_freq": 0.001
  },
  "K00399": {
    "Dk": 0.0007,
    "E_values_MAG": 10000.0,
    "E_value_trusted": 0.0,
    "KO_freq": 0.001
  },
  "K08264": {
    "Dk": 0.274,
    "E_values_MAG": 0.0,
    "E_value_trusted": 0.0,
    "KO_freq": 0.095
  },
  "K16177": {
    "Dk": 0.0824,
    "E_values_MAG": 0.0,
    "E_value_trusted": 0.0,
    "KO_freq": 0.001
  },
  "K08265": {
    "Dk": 0.0007,
    "E_values_MAG": 10000.0,
    "E_value_trusted": 0.0,
    "KO_freq": 0.001
  },
  "K00402": {
    "Dk": 0.0007,
    "E_values_MAG": 10000.0,
    "E_value_trusted": 0.0,
    "KO_freq": 0.001
  },
  "K14127": {
    "Dk": 0.004,
    "E_values_MAG": 10000.0,
    "E_value_trusted": 0.0,
    "KO_freq": 0.0056
  },
  "K14126": {
    "Dk": 0.0007,
    "E_values_MAG": 10000.0,
    "E_value_trusted": 0.0,
    "KO_freq": 0.001
  },
  "K03388": {
    "Dk": 0.0099,
    "E_values_MAG": 0.0,
    "E_value_trusted": 0.0,
    "KO_freq": 0.0056
  },
  "K22480": {
    "Dk": 0.0007,
    "E_values_MAG": 0.0024,
    "E_value_trusted": 0.0,
    "KO_freq": 0.001
  },
  "K14084": {
    "Dk": 0.1593,
    "E_values_MAG": 0.0,
    "E_value_trusted": 0.0,
    "KO_freq": 0.001
  },
  "K14083": {
    "Dk": 0.004,
    "E_values_MAG": 10000.0,
    "E_value_trusted": 0.0,
    "KO_freq": 0.0056
  },
  "K14128": {
    "Dk": 0.0007,
    "E_values_MAG": 0.086,
    "E_value_trusted": 0.0,
    "KO_freq": 0.001
  },
  "K16176": {
    "Dk": 0.0007,
    "E_values_MAG": 10000.0,
    "E_value_trusted": 0.0,
    "KO_freq": 0.001
  },
  "K16179": {
    "Dk": 0.1793,
    "E_values_MAG": 0.0,
    "E_value_trusted": 0.0,
    "KO_freq": 0.0112
  },
  "K22516": {
    "Dk": 0.0007,
    "E_values_MAG": 10000.0,
    "E_value_trusted": 0.0,
    "KO_freq": 0.001
  },
  "K03389": {
    "Dk": 0.0558,
    "E_values_MAG": 0.0,
    "E_value_trusted": 0.0,
    "KO_freq": 0.0056
  },
  "K22481": {
    "Dk": 0.0007,
    "E_values_MAG": 10000.0,
    "E_value_trusted": 0.0,
    "KO_freq": 0.001
  },
  "K00401": {
    "Dk": 0.0007,
    "E_values_MAG": 10000.0,
    "E_value_trusted": 0.0,
    "KO_freq": 0.001
  }
}