{
  "K03154": {
    "Dk": 0.5014,
    "E_values_MAG": 10000.0,
    "E_value_trusted": 0.0,
    "KO_freq": 0.7039
  },
  "K03153": {
    "Dk": 0.9505,
    "E_values_MAG": 0.0,
    "E_value_trusted": 0.0,
    "KO_freq": 0.2715
  },
  "K03151": {
    "Dk": 0.4688,
    "E_values_MAG": 0.19,
    "E_value_trusted": 0.0,
    "KO_freq": 0.6581
  },
  "K00946": {
    "Dk": 1.0,
    "E_values_MAG": 0.0,
    "E_value_trusted": 0.0,
    "KO_freq": 0.6268
  },
  "K03149": {
    "Dk": 0.5093,
    "E_values_MAG": 0.0009,
    "E_value_trusted": 0.0,
    "KO_freq": 0.7151
  },
  "K03148": {
    "Dk": 1.0,
    "E_values_MAG": 0.0,
    "E_value_trusted": 0.0,
    "KO_freq": 0.2536
  },
  "K00788": {
    "Dk": 0.585,
    "E_values_MAG": 0.0072,
    "E_value_trusted": 0.0,
    "KO_freq": 0.8212
  },
  "K00941": {
    "Dk": 0.5428,
    "E_values_MAG": 0.29,
    "E_value_trusted": 0.0,
    "KO_freq": 0.762
  },
  "K03147": {
    "Dk": 0.4672,
    "E_values_MAG": 10000.0,
    "E_value_trusted": 0.0,
    "KO_freq": 0.6559
  },
  "K10810": {
    "Dk": 0.0255,
    "E_values_MAG": 10000.0,
    "E_value_trusted": 0.0,
    "KO_freq": 0.0358
  }
}