{
  "K07404": {
    "Dk": 0.4505,
    "E_values_MAG": 0.16,
    "E_value_trusted": 0.0,
    "KO_freq": 0.6324
  },
  "K19243": {
    "Dk": 0.0563,
    "E_values_MAG": 0.0,
    "E_value_trusted": 0.0,
    "KO_freq": 0.001
  },
  "K00033": {
    "Dk": 1.0,
    "E_values_MAG": 0.0,
    "E_value_trusted": 0.0,
    "KO_freq": 0.762
  },
  "K13937": {
    "Dk": 0.1285,
    "E_values_MAG": 0.0,
    "E_value_trusted": 0.0,
    "KO_freq": 0.001
  },
  "K00036": {
    "Dk": 0.5698,
    "E_values_MAG": 10000.0,
    "E_value_trusted": 0.0,
    "KO_freq": 0.8
  },
  "K01057": {
    "Dk": 0.4591,
    "E_values_MAG": 0.0,
    "E_value_trusted": 0.0,
    "KO_freq": 0.3721
  }
}