{
  "K00552": {
    "Dk": 0.0007,
    "E_values_MAG": 0.0024,
    "E_value_trusted": 0.0,
    "KO_freq": 0.001
  },
  "K01251": {
    "Dk": 0.265,
    "E_values_MAG": 1.2,
    "E_value_trusted": 0.0,
    "KO_freq": 0.3721
  },
  "K00558": {
    "Dk": 0.3852,
    "E_values_MAG": 1.6,
    "E_value_trusted": 0.0,
    "KO_freq": 0.5408
  },
  "K17398": {
    "Dk": 0.0007,
    "E_values_MAG": 10000.0,
    "E_value_trusted": 0.0,
    "KO_freq": 0.001
  },
  "K01697": {
    "Dk": 1.0,
    "E_values_MAG": 0.0,
    "E_value_trusted": 0.0,
    "KO_freq": 0.2503
  },
  "K10150": {
    "Dk": 0.1682,
    "E_values_MAG": 0.0,
    "E_value_trusted": 0.0,
    "KO_freq": 0.001
  },
  "K00789": {
    "Dk": 1.0,
    "E_values_MAG": 0.0,
    "E_value_trusted": 0.0003,
    "KO_freq": 0.9933
  },
  "K17399": {
    "Dk": 0.0007,
    "E_values_MAG": 10000.0,
    "E_value_trusted": 0.0,
    "KO_freq": 0.001
  }
}