{
    "START": [
        "K21787_11",
        "K21428_8",
        "K21780_1"
    ],
    "K21787_11": [
        "SINK"
    ],
    "K21428_8": [
        "K21778_9"
    ],
    "K21778_9": [
        "K21779_10"
    ],
    "K21779_10": [
        "SINK"
    ],
    "K21780_1": [
        "K21781_2"
    ],
    "K21781_2": [
        "K21782_3"
    ],
    "K21782_3": [
        "K21783_4"
    ],
    "K21783_4": [
        "K21784_5"
    ],
    "K21784_5": [
        "K21785_6"
    ],
    "K21785_6": [
        "K21786_7"
    ],
    "K21786_7": [
        "SINK"
    ]
}