{
    "START": [
        "K01647_1",
        "K01659_2"
    ],
    "K01647_1": [
        "K27802_4",
        "K01682_5",
        "K01681_3"
    ],
    "K27802_4": [
        "K01637_6"
    ],
    "K01637_6": [
        "K01638_7",
        "K19282_8"
    ],
    "K01638_7": [
        "K00024_11",
        "K00026_9",
        "K00025_10"
    ],
    "K00025_10": [
        "SINK"
    ],
    "K01659_2": [
        "K27802_4",
        "K01682_5",
        "K01681_3"
    ],
    "K01681_3": [
        "K01637_6"
    ],
    "K00024_11": [
        "SINK"
    ],
    "K00026_9": [
        "SINK"
    ],
    "K19282_8": [
        "K00024_11",
        "K00026_9",
        "K00025_10"
    ],
    "K01682_5": [
        "K01637_6"
    ]
}