{
  "K13329": {
    "Dk": 0.0736,
    "E_values_MAG": 0.0,
    "E_value_trusted": 0.0,
    "KO_freq": 0.001
  },
  "K13330": {
    "Dk": 0.0007,
    "E_values_MAG": 2.7,
    "E_value_trusted": 0.0,
    "KO_freq": 0.001
  },
  "K13328": {
    "Dk": 0.051,
    "E_values_MAG": 0.0,
    "E_value_trusted": 0.0,
    "KO_freq": 0.001
  },
  "K16435": {
    "Dk": 0.0016,
    "E_values_MAG": 10000.0,
    "E_value_trusted": 0.0,
    "KO_freq": 0.0022
  },
  "K13327": {
    "Dk": 1.0,
    "E_values_MAG": 0.0,
    "E_value_trusted": 0.0,
    "KO_freq": 0.0011
  }
}