{
  "K00211": {
    "Dk": 0.0024,
    "E_values_MAG": 0.0017,
    "E_value_trusted": 0.0,
    "KO_freq": 0.0034
  },
  "K14187": {
    "Dk": 0.2662,
    "E_values_MAG": 0.0,
    "E_value_trusted": 0.0,
    "KO_freq": 0.3084
  },
  "K06209": {
    "Dk": 0.0844,
    "E_values_MAG": 10000.0,
    "E_value_trusted": 0.0,
    "KO_freq": 0.1184
  },
  "K00832": {
    "Dk": 0.6473,
    "E_values_MAG": 0.0,
    "E_value_trusted": 0.0,
    "KO_freq": 0.4022
  },
  "K04516": {
    "Dk": 0.9997,
    "E_values_MAG": 0.0,
    "E_value_trusted": 0.0,
    "KO_freq": 0.0391
  },
  "K01850": {
    "Dk": 0.0007,
    "E_values_MAG": 0.011,
    "E_value_trusted": 0.0,
    "KO_freq": 0.001
  },
  "K00838": {
    "Dk": 0.9862,
    "E_values_MAG": 0.0,
    "E_value_trusted": 0.0,
    "KO_freq": 0.001
  },
  "K04092": {
    "Dk": 0.0438,
    "E_values_MAG": 10000.0,
    "E_value_trusted": 0.0,
    "KO_freq": 0.0615
  },
  "K04517": {
    "Dk": 1.0,
    "E_values_MAG": 0.0,
    "E_value_trusted": 0.0,
    "KO_freq": 0.5587
  },
  "K06208": {
    "Dk": 0.0422,
    "E_values_MAG": 10000.0,
    "E_value_trusted": 0.0,
    "KO_freq": 0.0592
  },
  "K14170": {
    "Dk": 1.0,
    "E_values_MAG": 0.0,
    "E_value_trusted": 0.0,
    "KO_freq": 0.505
  },
  "K04093": {
    "Dk": 0.1448,
    "E_values_MAG": 10000.0,
    "E_value_trusted": 0.0,
    "KO_freq": 0.2034
  }
}