{
    "START": [
        "K14080_1"
    ],
    "K14080_1": [
        "K04480_2"
    ],
    "K04480_2": [
        "K14081_3"
    ],
    "K14081_3": [
        "K00399_4"
    ],
    "K00399_4": [
        "K00401_5"
    ],
    "K00401_5": [
        "K00402_6"
    ],
    "K00402_6": [
        "K08264_13",
        "K03388_10",
        "K03388_15",
        "K22480_7"
    ],
    "K03388_10": [
        "K03389_11"
    ],
    "K03389_11": [
        "K03390_12"
    ],
    "K03390_12": [
        "SINK"
    ],
    "K22480_7": [
        "K22481_8"
    ],
    "K22481_8": [
        "K22482_9"
    ],
    "K22482_9": [
        "SINK"
    ],
    "K03388_15": [
        "K03389_16"
    ],
    "K03389_16": [
        "K03390_17"
    ],
    "K03390_17": [
        "K14127_18"
    ],
    "K14127_18": [
        "K14126_19",
        "K22516_21"
    ],
    "K14126_19": [
        "K14128_20"
    ],
    "K14128_20": [
        "SINK"
    ],
    "K08264_13": [
        "K08265_14"
    ],
    "K08265_14": [
        "SINK"
    ],
    "K22516_21": [
        "K00125_22"
    ],
    "K00125_22": [
        "SINK"
    ]
}