{
    "START": [
        "K01803_1"
    ],
    "K01803_1": [
        "K00150_3",
        "K00134_2"
    ],
    "K00134_2": [
        "K11389_5",
        "K00927_4"
    ],
    "K00927_4": [
        "K15633_7",
        "K15635_9",
        "K01834_6",
        "K15634_8"
    ],
    "K01834_6": [
        "K01689_10",
        "K27394_11"
    ],
    "K27394_11": [
        "K12406_13",
        "K00873_12"
    ],
    "K12406_13": [
        "SINK"
    ],
    "K00150_3": [
        "K11389_5",
        "K00927_4"
    ],
    "K01689_10": [
        "K12406_13",
        "K00873_12"
    ],
    "K00873_12": [
        "SINK"
    ],
    "K11389_5": [
        "K15634_8",
        "K15633_7",
        "K15635_9",
        "K01834_6"
    ],
    "K15635_9": [
        "K01689_10",
        "K27394_11"
    ],
    "K15633_7": [
        "K01689_10",
        "K27394_11"
    ],
    "K15634_8": [
        "K01689_10",
        "K27394_11"
    ]
}