{
  "K17865": {
    "Dk": 0.1013,
    "E_values_MAG": 0.0,
    "E_value_trusted": 0.0,
    "KO_freq": 0.0883
  },
  "K01847": {
    "Dk": 0.5529,
    "E_values_MAG": 0.0,
    "E_value_trusted": 0.0,
    "KO_freq": 0.1989
  },
  "K00626": {
    "Dk": 1.0,
    "E_values_MAG": 0.0,
    "E_value_trusted": 0.0,
    "KO_freq": 0.7955
  },
  "K00023": {
    "Dk": 1.0,
    "E_values_MAG": 0.0,
    "E_value_trusted": 0.0,
    "KO_freq": 0.1732
  },
  "K05606": {
    "Dk": 0.254,
    "E_values_MAG": 0.0,
    "E_value_trusted": 0.0,
    "KO_freq": 0.1654
  },
  "K08691": {
    "Dk": 0.0048,
    "E_values_MAG": 0.029,
    "E_value_trusted": 0.0,
    "KO_freq": 0.0067
  },
  "K01965": {
    "Dk": 0.458,
    "E_values_MAG": 0.0,
    "E_value_trusted": 0.0,
    "KO_freq": 0.019
  },
  "K14447": {
    "Dk": 0.1354,
    "E_values_MAG": 0.0,
    "E_value_trusted": 0.0,
    "KO_freq": 0.0112
  },
  "K14448": {
    "Dk": 0.2488,
    "E_values_MAG": 0.0,
    "E_value_trusted": 0.0,
    "KO_freq": 0.0112
  },
  "K14449": {
    "Dk": 0.008,
    "E_values_MAG": 10000.0,
    "E_value_trusted": 0.0,
    "KO_freq": 0.0112
  },
  "K14446": {
    "Dk": 0.0696,
    "E_values_MAG": 0.0,
    "E_value_trusted": 0.0,
    "KO_freq": 0.0134
  },
  "K14451": {
    "Dk": 0.0007,
    "E_values_MAG": 10000.0,
    "E_value_trusted": 0.0,
    "KO_freq": 0.001
  },
  "K01966": {
    "Dk": 0.2316,
    "E_values_MAG": 0.0,
    "E_value_trusted": 0.0,
    "KO_freq": 0.0346
  }
}