{
  "K02224": {
    "Dk": 0.2276,
    "E_values_MAG": 0.47,
    "E_value_trusted": 0.0,
    "KO_freq": 0.3196
  },
  "K02229": {
    "Dk": 0.2318,
    "E_values_MAG": 0.0,
    "E_value_trusted": 0.0,
    "KO_freq": 0.1095
  },
  "K03394": {
    "Dk": 0.59,
    "E_values_MAG": 0.0,
    "E_value_trusted": 0.0,
    "KO_freq": 0.3196
  },
  "K02230": {
    "Dk": 0.1154,
    "E_values_MAG": 10000.0,
    "E_value_trusted": 0.0,
    "KO_freq": 0.162
  },
  "K05934": {
    "Dk": 0.1369,
    "E_values_MAG": 0.0002,
    "E_value_trusted": 0.0,
    "KO_freq": 0.1922
  },
  "K13540": {
    "Dk": 0.1657,
    "E_values_MAG": 0.0,
    "E_value_trusted": 0.0,
    "KO_freq": 0.0447
  },
  "K09883": {
    "Dk": 0.0661,
    "E_values_MAG": 10000.0,
    "E_value_trusted": 0.0,
    "KO_freq": 0.0927
  },
  "K13542": {
    "Dk": 0.2208,
    "E_values_MAG": 0.0,
    "E_value_trusted": 0.0,
    "KO_freq": 0.1475
  },
  "K02303": {
    "Dk": 0.9999,
    "E_values_MAG": 0.0,
    "E_value_trusted": 0.0,
    "KO_freq": 0.6603
  },
  "K09882": {
    "Dk": 0.903,
    "E_values_MAG": 0.0,
    "E_value_trusted": 0.0,
    "KO_freq": 0.1095
  },
  "K05936": {
    "Dk": 0.8847,
    "E_values_MAG": 0.0,
    "E_value_trusted": 0.0,
    "KO_freq": 0.3196
  },
  "K02228": {
    "Dk": 0.0573,
    "E_values_MAG": 0.0099,
    "E_value_trusted": 0.0,
    "KO_freq": 0.0804
  },
  "K05895": {
    "Dk": 0.2101,
    "E_values_MAG": 10000.0,
    "E_value_trusted": 0.0,
    "KO_freq": 0.295
  },
  "K13541": {
    "Dk": 0.0517,
    "E_values_MAG": 0.0026,
    "E_value_trusted": 0.0,
    "KO_freq": 0.0726
  },
  "K06042": {
    "Dk": 0.2276,
    "E_values_MAG": 10000.0,
    "E_value_trusted": 0.0,
    "KO_freq": 0.3196
  },
  "K00595": {
    "Dk": 0.1027,
    "E_values_MAG": 0.075,
    "E_value_trusted": 0.0,
    "KO_freq": 0.1441
  }
}