{
  "K10934": {
    "Dk": 0.0151,
    "E_values_MAG": 10000.0,
    "E_value_trusted": 0.0,
    "KO_freq": 0.0212
  },
  "K10965": {
    "Dk": 0.0159,
    "E_values_MAG": 10000.0,
    "E_value_trusted": 0.0,
    "KO_freq": 0.0223
  },
  "K10919": {
    "Dk": 0.0024,
    "E_values_MAG": 10000.0,
    "E_value_trusted": 0.0,
    "KO_freq": 0.0034
  },
  "K10932": {
    "Dk": 0.0151,
    "E_values_MAG": 10000.0,
    "E_value_trusted": 0.0,
    "KO_freq": 0.0212
  },
  "K10964": {
    "Dk": 0.0024,
    "E_values_MAG": 10000.0,
    "E_value_trusted": 0.0,
    "KO_freq": 0.0034
  },
  "K10931": {
    "Dk": 0.0151,
    "E_values_MAG": 10000.0,
    "E_value_trusted": 0.0,
    "KO_freq": 0.0212
  },
  "K10935": {
    "Dk": 0.0007,
    "E_values_MAG": 10000.0,
    "E_value_trusted": 0.0,
    "KO_freq": 0.001
  },
  "K10933": {
    "Dk": 0.0151,
    "E_values_MAG": 10000.0,
    "E_value_trusted": 0.0,
    "KO_freq": 0.0212
  },
  "K10930": {
    "Dk": 0.0151,
    "E_values_MAG": 10000.0,
    "E_value_trusted": 0.0,
    "KO_freq": 0.0212
  },
  "K10920": {
    "Dk": 0.0024,
    "E_values_MAG": 10000.0,
    "E_value_trusted": 0.0,
    "KO_freq": 0.0034
  },
  "K10961": {
    "Dk": 0.5614,
    "E_values_MAG": 0.0,
    "E_value_trusted": 0.0,
    "KO_freq": 0.5073
  },
  "K10966": {
    "Dk": 0.2905,
    "E_values_MAG": 10000.0,
    "E_value_trusted": 0.0,
    "KO_freq": 0.4078
  },
  "K10962": {
    "Dk": 0.0151,
    "E_values_MAG": 10000.0,
    "E_value_trusted": 0.0,
    "KO_freq": 0.0212
  },
  "K10963": {
    "Dk": 0.0024,
    "E_values_MAG": 10000.0,
    "E_value_trusted": 0.0,
    "KO_freq": 0.0034
  }
}