{
  "K02536": {
    "Dk": 0.9726,
    "E_values_MAG": 0.0,
    "E_value_trusted": 0.0,
    "KO_freq": 0.6045
  },
  "K00677": {
    "Dk": 1.0,
    "E_values_MAG": 0.0,
    "E_value_trusted": 0.0,
    "KO_freq": 0.6045
  },
  "K03269": {
    "Dk": 0.9999,
    "E_values_MAG": 0.0,
    "E_value_trusted": 0.0,
    "KO_freq": 0.5788
  },
  "K00748": {
    "Dk": 1.0,
    "E_values_MAG": 0.0,
    "E_value_trusted": 0.0,
    "KO_freq": 0.6045
  },
  "K02535": {
    "Dk": 0.4549,
    "E_values_MAG": 0.0,
    "E_value_trusted": 0.0,
    "KO_freq": 0.5497
  },
  "K02517": {
    "Dk": 0.7008,
    "E_values_MAG": 0.0,
    "E_value_trusted": 0.0,
    "KO_freq": 0.5978
  },
  "K00912": {
    "Dk": 1.0,
    "E_values_MAG": 0.0,
    "E_value_trusted": 0.0,
    "KO_freq": 0.6034
  },
  "K16363": {
    "Dk": 0.0279,
    "E_values_MAG": 2.2,
    "E_value_trusted": 0.0,
    "KO_freq": 0.0391
  },
  "K02527": {
    "Dk": 0.4314,
    "E_values_MAG": 0.0,
    "E_value_trusted": 0.0,
    "KO_freq": 0.6045
  },
  "K09949": {
    "Dk": 0.0255,
    "E_values_MAG": 10000.0,
    "E_value_trusted": 0.0,
    "KO_freq": 0.0358
  },
  "K09778": {
    "Dk": 0.0119,
    "E_values_MAG": 10000.0,
    "E_value_trusted": 0.0,
    "KO_freq": 0.0168
  }
}