{
  "K00177": {
    "Dk": 0.0676,
    "E_values_MAG": 10000.0,
    "E_value_trusted": 0.0,
    "KO_freq": 0.095
  },
  "K01899": {
    "Dk": 1.0,
    "E_values_MAG": 0.0,
    "E_value_trusted": 0.0,
    "KO_freq": 0.001
  },
  "K00246": {
    "Dk": 0.2244,
    "E_values_MAG": 10000.0,
    "E_value_trusted": 0.0,
    "KO_freq": 0.3151
  },
  "K00234": {
    "Dk": 1.0,
    "E_values_MAG": 0.0,
    "E_value_trusted": 0.0,
    "KO_freq": 0.001
  },
  "K18118": {
    "Dk": 0.1178,
    "E_values_MAG": 10000.0,
    "E_value_trusted": 0.0,
    "KO_freq": 0.1654
  },
  "K00244": {
    "Dk": 0.4992,
    "E_values_MAG": 0.0,
    "E_value_trusted": 0.0,
    "KO_freq": 0.3106
  },
  "K00235": {
    "Dk": 0.9485,
    "E_values_MAG": 0.0,
    "E_value_trusted": 0.0,
    "KO_freq": 0.001
  },
  "K01903": {
    "Dk": 1.0,
    "E_values_MAG": 0.0,
    "E_value_trusted": 0.0,
    "KO_freq": 0.6994
  },
  "K25801": {
    "Dk": 0.0007,
    "E_values_MAG": 10000.0,
    "E_value_trusted": 0.0,
    "KO_freq": 0.001
  },
  "K00245": {
    "Dk": 0.9994,
    "E_values_MAG": 0.0,
    "E_value_trusted": 0.0,
    "KO_freq": 0.314
  },
  "K00024": {
    "Dk": 1.0,
    "E_values_MAG": 0.0,
    "E_value_trusted": 0.0,
    "KO_freq": 0.2782
  },
  "K00175": {
    "Dk": 0.1846,
    "E_values_MAG": 0.0077,
    "E_value_trusted": 0.0,
    "KO_freq": 0.2592
  },
  "K01678": {
    "Dk": 0.0215,
    "E_values_MAG": 10000.0,
    "E_value_trusted": 0.0,
    "KO_freq": 0.0302
  },
  "K00236": {
    "Dk": 0.0007,
    "E_values_MAG": 10000.0,
    "E_value_trusted": 0.0,
    "KO_freq": 0.001
  },
  "K00242": {
    "Dk": 0.3542,
    "E_values_MAG": 10000.0,
    "E_value_trusted": 0.0,
    "KO_freq": 0.4972
  },
  "K00241": {
    "Dk": 0.4497,
    "E_values_MAG": 0.18,
    "E_value_trusted": 0.0,
    "KO_freq": 0.6313
  },
  "K18859": {
    "Dk": 0.0007,
    "E_values_MAG": 10000.0,
    "E_value_trusted": 0.0,
    "KO_freq": 0.001
  },
  "K00658": {
    "Dk": 1.0,
    "E_values_MAG": 0.0,
    "E_value_trusted": 0.0,
    "KO_freq": 0.6145
  },
  "K00116": {
    "Dk": 0.3822,
    "E_values_MAG": 0.0,
    "E_value_trusted": 0.0,
    "KO_freq": 0.4827
  },
  "K01676": {
    "Dk": 0.347,
    "E_values_MAG": 10000.0,
    "E_value_trusted": 0.0,
    "KO_freq": 0.4872
  },
  "K00176": {
    "Dk": 0.3808,
    "E_values_MAG": 0.0,
    "E_value_trusted": 0.0,
    "KO_freq": 0.095
  },
  "K00239": {
    "Dk": 1.0,
    "E_values_MAG": 0.0,
    "E_value_trusted": 0.0,
    "KO_freq": 0.7363
  },
  "K01900": {
    "Dk": 1.0,
    "E_values_MAG": 0.0,
    "E_value_trusted": 0.0,
    "KO_freq": 0.001
  },
  "K01677": {
    "Dk": 0.0955,
    "E_values_MAG": 10000.0,
    "E_value_trusted": 0.0,
    "KO_freq": 0.1341
  },
  "K00237": {
    "Dk": 0.0007,
    "E_values_MAG": 10000.0,
    "E_value_trusted": 0.0,
    "KO_freq": 0.001
  },
  "K01616": {
    "Dk": 0.0446,
    "E_values_MAG": 0.0,
    "E_value_trusted": 0.0,
    "KO_freq": 0.0626
  },
  "K01902": {
    "Dk": 1.0,
    "E_values_MAG": 0.0,
    "E_value_trusted": 0.0,
    "KO_freq": 0.7341
  },
  "K00026": {
    "Dk": 0.9994,
    "E_values_MAG": 0.0,
    "E_value_trusted": 0.0,
    "KO_freq": 0.001
  },
  "K00240": {
    "Dk": 1.0,
    "E_values_MAG": 0.0,
    "E_value_trusted": 0.0,
    "KO_freq": 0.7866
  },
  "K00174": {
    "Dk": 0.1846,
    "E_values_MAG": 0.0001,
    "E_value_trusted": 0.0,
    "KO_freq": 0.2592
  },
  "K00025": {
    "Dk": 0.8531,
    "E_values_MAG": 0.0,
    "E_value_trusted": 0.0,
    "KO_freq": 0.001
  },
  "K01679": {
    "Dk": 0.538,
    "E_values_MAG": 0.0004,
    "E_value_trusted": 0.0,
    "KO_freq": 0.7553
  },
  "K00247": {
    "Dk": 0.2244,
    "E_values_MAG": 4.6,
    "E_value_trusted": 0.0,
    "KO_freq": 0.3151
  },
  "K18860": {
    "Dk": 0.0007,
    "E_values_MAG": 10000.0,
    "E_value_trusted": 0.0,
    "KO_freq": 0.001
  },
  "K00382": {
    "Dk": 1.0,
    "E_values_MAG": 0.0,
    "E_value_trusted": 0.0,
    "KO_freq": 0.8827
  },
  "K00164": {
    "Dk": 1.0,
    "E_values_MAG": 0.0,
    "E_value_trusted": 0.0,
    "KO_freq": 0.4916
  }
}