{
    "START": [
        "K18976_15",
        "K18972_13",
        "K19099_20",
        "K19319_9",
        "K19316_3",
        "K19318_6",
        "K18781_18",
        "K21277_16",
        "K18970_2",
        "K19321_11",
        "K18768_1",
        "K19320_10",
        "K18793_8",
        "K19211_14",
        "K18782_17",
        "K18794_5",
        "K18971_7",
        "K22346_4",
        "K18780_19",
        "K19216_21",
        "K19322_12"
    ],
    "K19319_9": [
        "SINK"
    ],
    "K19316_3": [
        "SINK"
    ],
    "K18768_1": [
        "SINK"
    ],
    "K18971_7": [
        "SINK"
    ],
    "K18781_18": [
        "SINK"
    ],
    "K19216_21": [
        "SINK"
    ],
    "K18794_5": [
        "SINK"
    ],
    "K19320_10": [
        "SINK"
    ],
    "K18970_2": [
        "SINK"
    ],
    "K19099_20": [
        "SINK"
    ],
    "K18780_19": [
        "SINK"
    ],
    "K19321_11": [
        "SINK"
    ],
    "K18976_15": [
        "SINK"
    ],
    "K18793_8": [
        "SINK"
    ],
    "K18972_13": [
        "SINK"
    ],
    "K19318_6": [
        "SINK"
    ],
    "K18782_17": [
        "SINK"
    ],
    "K21277_16": [
        "SINK"
    ],
    "K19211_14": [
        "SINK"
    ],
    "K19322_12": [
        "SINK"
    ],
    "K22346_4": [
        "SINK"
    ]
}