{
  "K01799": {
    "Dk": 0.0692,
    "E_values_MAG": 10000.0,
    "E_value_trusted": 0.0,
    "KO_freq": 0.0972
  },
  "K18030": {
    "Dk": 0.4089,
    "E_values_MAG": 0.0,
    "E_value_trusted": 0.0,
    "KO_freq": 0.0816
  },
  "K18028": {
    "Dk": 0.0414,
    "E_values_MAG": 10000.0,
    "E_value_trusted": 0.0,
    "KO_freq": 0.0581
  },
  "K15357": {
    "Dk": 0.107,
    "E_values_MAG": 0.0,
    "E_value_trusted": 0.0,
    "KO_freq": 0.0503
  },
  "K13995": {
    "Dk": 0.1644,
    "E_values_MAG": 0.0,
    "E_value_trusted": 0.0,
    "KO_freq": 0.0637
  },
  "K14974": {
    "Dk": 0.1559,
    "E_values_MAG": 0.0,
    "E_value_trusted": 0.0,
    "KO_freq": 0.057
  },
  "K18029": {
    "Dk": 1.0,
    "E_values_MAG": 0.0,
    "E_value_trusted": 0.0,
    "KO_freq": 0.0804
  }
}