{
  "K12087": {
    "Dk": 0.0007,
    "E_values_MAG": 10000.0,
    "E_value_trusted": 0.0,
    "KO_freq": 0.001
  },
  "K12098": {
    "Dk": 0.008,
    "E_values_MAG": 10000.0,
    "E_value_trusted": 0.0,
    "KO_freq": 0.0112
  },
  "K12107": {
    "Dk": 0.008,
    "E_values_MAG": 10000.0,
    "E_value_trusted": 0.0,
    "KO_freq": 0.0112
  },
  "K12108": {
    "Dk": 0.008,
    "E_values_MAG": 10000.0,
    "E_value_trusted": 0.0,
    "KO_freq": 0.0112
  },
  "K12093": {
    "Dk": 0.008,
    "E_values_MAG": 10000.0,
    "E_value_trusted": 0.0,
    "KO_freq": 0.0112
  },
  "K12105": {
    "Dk": 0.008,
    "E_values_MAG": 10000.0,
    "E_value_trusted": 0.0,
    "KO_freq": 0.0112
  },
  "K12091": {
    "Dk": 0.008,
    "E_values_MAG": 10000.0,
    "E_value_trusted": 0.0,
    "KO_freq": 0.0112
  },
  "K12104": {
    "Dk": 0.008,
    "E_values_MAG": 10000.0,
    "E_value_trusted": 0.0,
    "KO_freq": 0.0112
  },
  "K15842": {
    "Dk": 0.008,
    "E_values_MAG": 10000.0,
    "E_value_trusted": 0.0,
    "KO_freq": 0.0112
  },
  "K12102": {
    "Dk": 0.0008,
    "E_values_MAG": 10000.0,
    "E_value_trusted": 0.0,
    "KO_freq": 0.0011
  },
  "K12095": {
    "Dk": 0.008,
    "E_values_MAG": 10000.0,
    "E_value_trusted": 0.0,
    "KO_freq": 0.0112
  },
  "K12096": {
    "Dk": 0.008,
    "E_values_MAG": 10000.0,
    "E_value_trusted": 0.0,
    "KO_freq": 0.0112
  },
  "K12097": {
    "Dk": 0.0159,
    "E_values_MAG": 10000.0,
    "E_value_trusted": 0.0,
    "KO_freq": 0.0223
  },
  "K12103": {
    "Dk": 0.008,
    "E_values_MAG": 10000.0,
    "E_value_trusted": 0.0,
    "KO_freq": 0.0112
  },
  "K12089": {
    "Dk": 0.008,
    "E_values_MAG": 10000.0,
    "E_value_trusted": 0.0,
    "KO_freq": 0.0112
  },
  "K12101": {
    "Dk": 0.0064,
    "E_values_MAG": 10000.0,
    "E_value_trusted": 0.0,
    "KO_freq": 0.0089
  },
  "K12109": {
    "Dk": 0.008,
    "E_values_MAG": 10000.0,
    "E_value_trusted": 0.0,
    "KO_freq": 0.0112
  },
  "K12092": {
    "Dk": 0.0064,
    "E_values_MAG": 10000.0,
    "E_value_trusted": 0.0,
    "KO_freq": 0.0089
  },
  "K12110": {
    "Dk": 0.008,
    "E_values_MAG": 10000.0,
    "E_value_trusted": 0.0,
    "KO_freq": 0.0112
  },
  "K12086": {
    "Dk": 0.008,
    "E_values_MAG": 10000.0,
    "E_value_trusted": 0.0,
    "KO_freq": 0.0112
  },
  "K12090": {
    "Dk": 0.008,
    "E_values_MAG": 10000.0,
    "E_value_trusted": 0.0,
    "KO_freq": 0.0112
  },
  "K03196": {
    "Dk": 0.109,
    "E_values_MAG": 0.28,
    "E_value_trusted": 0.0,
    "KO_freq": 0.1531
  },
  "K12088": {
    "Dk": 0.008,
    "E_values_MAG": 10000.0,
    "E_value_trusted": 0.0,
    "KO_freq": 0.0112
  },
  "K12099": {
    "Dk": 0.008,
    "E_values_MAG": 10000.0,
    "E_value_trusted": 0.0,
    "KO_freq": 0.0112
  },
  "K12100": {
    "Dk": 0.0007,
    "E_values_MAG": 10000.0,
    "E_value_trusted": 0.0,
    "KO_freq": 0.001
  },
  "K12094": {
    "Dk": 0.008,
    "E_values_MAG": 10000.0,
    "E_value_trusted": 0.0,
    "KO_freq": 0.0112
  },
  "K12106": {
    "Dk": 0.0072,
    "E_values_MAG": 10000.0,
    "E_value_trusted": 0.0,
    "KO_freq": 0.0101
  }
}