{
  "K20090": {
    "Dk": 0.1257,
    "E_values_MAG": 0.0,
    "E_value_trusted": 0.0,
    "KO_freq": 0.001
  },
  "K20087": {
    "Dk": 0.0007,
    "E_values_MAG": 10000.0,
    "E_value_trusted": 0.0,
    "KO_freq": 0.001
  },
  "K20088": {
    "Dk": 0.0007,
    "E_values_MAG": 10000.0,
    "E_value_trusted": 0.0,
    "KO_freq": 0.001
  },
  "K20089": {
    "Dk": 0.0007,
    "E_values_MAG": 7.0,
    "E_value_trusted": 0.0,
    "KO_freq": 0.001
  },
  "K20086": {
    "Dk": 0.0007,
    "E_values_MAG": 10000.0,
    "E_value_trusted": 0.0,
    "KO_freq": 0.001
  }
}