{
  "K01807": {
    "Dk": 0.5834,
    "E_values_MAG": 10000.0,
    "E_value_trusted": 0.0,
    "KO_freq": 0.819
  },
  "K08094": {
    "Dk": 0.0796,
    "E_values_MAG": 0.0004,
    "E_value_trusted": 0.0,
    "KO_freq": 0.1117
  },
  "K13812": {
    "Dk": 0.0007,
    "E_values_MAG": 0.2,
    "E_value_trusted": 0.0,
    "KO_freq": 0.001
  },
  "K13831": {
    "Dk": 0.0156,
    "E_values_MAG": 0.0,
    "E_value_trusted": 0.0,
    "KO_freq": 0.001
  },
  "K08093": {
    "Dk": 0.0676,
    "E_values_MAG": 0.23,
    "E_value_trusted": 0.0,
    "KO_freq": 0.095
  }
}