{
  "K18073": {
    "Dk": 0.2674,
    "E_values_MAG": 0.0,
    "E_value_trusted": 0.0,
    "KO_freq": 0.0302
  },
  "K07644": {
    "Dk": 0.383,
    "E_values_MAG": 0.0,
    "E_value_trusted": 0.0,
    "KO_freq": 0.2894
  },
  "K18072": {
    "Dk": 0.1655,
    "E_values_MAG": 0.0,
    "E_value_trusted": 0.0,
    "KO_freq": 0.0291
  },
  "K18093": {
    "Dk": 0.0637,
    "E_values_MAG": 10000.0,
    "E_value_trusted": 0.0,
    "KO_freq": 0.0894
  },
  "K07665": {
    "Dk": 0.4899,
    "E_values_MAG": 0.0,
    "E_value_trusted": 0.0,
    "KO_freq": 0.3229
  },
  "K18297": {
    "Dk": 0.0348,
    "E_values_MAG": 0.0,
    "E_value_trusted": 0.0,
    "KO_freq": 0.0358
  }
}