{
  "K02275": {
    "Dk": 0.1647,
    "E_values_MAG": 0.0061,
    "E_value_trusted": 0.0,
    "KO_freq": 0.2313
  },
  "K15408": {
    "Dk": 0.0404,
    "E_values_MAG": 0.0,
    "E_value_trusted": 0.0,
    "KO_freq": 0.0346
  },
  "K02277": {
    "Dk": 0.4791,
    "E_values_MAG": 0.0,
    "E_value_trusted": 0.0,
    "KO_freq": 0.067
  },
  "K02274": {
    "Dk": 0.2419,
    "E_values_MAG": 10000.0,
    "E_value_trusted": 0.0,
    "KO_freq": 0.3397
  },
  "K02276": {
    "Dk": 1.0,
    "E_values_MAG": 0.0,
    "E_value_trusted": 0.0,
    "KO_freq": 0.238
  }
}