{
  "K18346": {
    "Dk": 0.9643,
    "E_values_MAG": 0.0,
    "E_value_trusted": 0.0,
    "KO_freq": 0.0972
  },
  "K08641": {
    "Dk": 0.9999,
    "E_values_MAG": 0.0,
    "E_value_trusted": 0.0,
    "KO_freq": 0.2637
  },
  "K07260": {
    "Dk": 0.3125,
    "E_values_MAG": 0.0,
    "E_value_trusted": 0.0,
    "KO_freq": 0.4168
  },
  "K18354": {
    "Dk": 0.0007,
    "E_values_MAG": 10000.0,
    "E_value_trusted": 0.0,
    "KO_freq": 0.001
  },
  "K15739": {
    "Dk": 0.2228,
    "E_values_MAG": 0.0,
    "E_value_trusted": 0.0,
    "KO_freq": 0.0089
  },
  "K18344": {
    "Dk": 0.9999,
    "E_values_MAG": 0.0,
    "E_value_trusted": 0.0,
    "KO_freq": 0.0469
  },
  "K18352": {
    "Dk": 0.2093,
    "E_values_MAG": 0.0,
    "E_value_trusted": 0.0,
    "KO_freq": 0.001
  },
  "K18353": {
    "Dk": 0.0533,
    "E_values_MAG": 0.0002,
    "E_value_trusted": 0.0,
    "KO_freq": 0.0749
  },
  "K18347": {
    "Dk": 0.1402,
    "E_values_MAG": 0.0,
    "E_value_trusted": 0.0,
    "KO_freq": 0.0045
  },
  "K18351": {
    "Dk": 0.193,
    "E_values_MAG": 0.0,
    "E_value_trusted": 0.0,
    "KO_freq": 0.0045
  },
  "K18345": {
    "Dk": 1.0,
    "E_values_MAG": 0.0,
    "E_value_trusted": 0.0,
    "KO_freq": 0.0626
  }
}