{
  "K02492": {
    "Dk": 1.0,
    "E_values_MAG": 0.0,
    "E_value_trusted": 0.0,
    "KO_freq": 0.7263
  },
  "K08973": {
    "Dk": 0.999,
    "E_values_MAG": 0.0,
    "E_value_trusted": 0.0,
    "KO_freq": 0.2425
  },
  "K13542": {
    "Dk": 0.2208,
    "E_values_MAG": 0.0,
    "E_value_trusted": 0.0,
    "KO_freq": 0.1475
  },
  "K01885": {
    "Dk": 1.0,
    "E_values_MAG": 0.0,
    "E_value_trusted": 0.0,
    "KO_freq": 0.9788
  },
  "K01749": {
    "Dk": 0.5444,
    "E_values_MAG": 10000.0,
    "E_value_trusted": 0.0,
    "KO_freq": 0.7642
  },
  "K02495": {
    "Dk": 0.9077,
    "E_values_MAG": 0.0,
    "E_value_trusted": 0.0,
    "KO_freq": 0.8302
  },
  "K00230": {
    "Dk": 0.2228,
    "E_values_MAG": 1.1,
    "E_value_trusted": 0.0,
    "KO_freq": 0.3128
  },
  "K01698": {
    "Dk": 1.0,
    "E_values_MAG": 0.0,
    "E_value_trusted": 0.0,
    "KO_freq": 0.7642
  },
  "K00231": {
    "Dk": 0.9752,
    "E_values_MAG": 0.0,
    "E_value_trusted": 0.0,
    "KO_freq": 0.219
  },
  "K01772": {
    "Dk": 1.0,
    "E_values_MAG": 0.0,
    "E_value_trusted": 0.0,
    "KO_freq": 0.7933
  },
  "K00228": {
    "Dk": 1.0,
    "E_values_MAG": 0.0,
    "E_value_trusted": 0.0,
    "KO_freq": 0.4436
  },
  "K01845": {
    "Dk": 1.0,
    "E_values_MAG": 0.0,
    "E_value_trusted": 0.0,
    "KO_freq": 0.7575
  },
  "K01719": {
    "Dk": 0.9986,
    "E_values_MAG": 0.0,
    "E_value_trusted": 0.0,
    "KO_freq": 0.7832
  },
  "K01599": {
    "Dk": 1.0,
    "E_values_MAG": 0.0,
    "E_value_trusted": 0.0,
    "KO_freq": 0.7363
  },
  "K13543": {
    "Dk": 0.0318,
    "E_values_MAG": 9.4,
    "E_value_trusted": 0.0,
    "KO_freq": 0.0447
  }
}