{
  "K03077": {
    "Dk": 1.0,
    "E_values_MAG": 0.0,
    "E_value_trusted": 0.0,
    "KO_freq": 0.4994
  },
  "K03476": {
    "Dk": 0.2352,
    "E_values_MAG": 0.0,
    "E_value_trusted": 0.0,
    "KO_freq": 0.3196
  },
  "K03475": {
    "Dk": 0.3581,
    "E_values_MAG": 10000.0,
    "E_value_trusted": 0.0,
    "KO_freq": 0.5028
  },
  "K02821": {
    "Dk": 0.3542,
    "E_values_MAG": 10000.0,
    "E_value_trusted": 0.0,
    "KO_freq": 0.4972
  },
  "K03079": {
    "Dk": 0.4062,
    "E_values_MAG": 0.0,
    "E_value_trusted": 0.0,
    "KO_freq": 0.3743
  },
  "K02822": {
    "Dk": 0.3502,
    "E_values_MAG": 10000.0,
    "E_value_trusted": 0.0,
    "KO_freq": 0.4916
  },
  "K03078": {
    "Dk": 0.2332,
    "E_values_MAG": 10000.0,
    "E_value_trusted": 0.0,
    "KO_freq": 0.3274
  }
}