{
    "START": [
        "K00958_1"
    ],
    "K00958_1": [
        "K00394_2"
    ],
    "K00394_2": [
        "K00395_3"
    ],
    "K00395_3": [
        "K11180_4"
    ],
    "K11180_4": [
        "K11181_5"
    ],
    "K11181_5": [
        "K27196_6",
        "K27187_7"
    ],
    "K27187_7": [
        "K27188_8"
    ],
    "K27188_8": [
        "K27189_9"
    ],
    "K27189_9": [
        "K27190_10"
    ],
    "K27190_10": [
        "K27191_11"
    ],
    "K27191_11": [
        "SINK"
    ],
    "K27196_6": [
        "K27187_7"
    ]
}