{
  "K11025": {
    "Dk": 0.0032,
    "E_values_MAG": 10000.0,
    "E_value_trusted": 0.0,
    "KO_freq": 0.0045
  },
  "K11023": {
    "Dk": 0.0151,
    "E_values_MAG": 10000.0,
    "E_value_trusted": 0.0,
    "KO_freq": 0.0212
  },
  "K11027": {
    "Dk": 0.0032,
    "E_values_MAG": 10000.0,
    "E_value_trusted": 0.0,
    "KO_freq": 0.0045
  },
  "K11026": {
    "Dk": 0.0032,
    "E_values_MAG": 10000.0,
    "E_value_trusted": 0.0,
    "KO_freq": 0.0045
  },
  "K11024": {
    "Dk": 0.0032,
    "E_values_MAG": 10000.0,
    "E_value_trusted": 0.0,
    "KO_freq": 0.0045
  }
}