{
  "K00376": {
    "Dk": 0.0414,
    "E_values_MAG": 0.002,
    "E_value_trusted": 0.0,
    "KO_freq": 0.0581
  },
  "K00374": {
    "Dk": 0.3112,
    "E_values_MAG": 10000.0,
    "E_value_trusted": 0.0,
    "KO_freq": 0.4369
  },
  "K02567": {
    "Dk": 0.1727,
    "E_values_MAG": 10000.0,
    "E_value_trusted": 0.0,
    "KO_freq": 0.2425
  },
  "K00370": {
    "Dk": 0.0007,
    "E_values_MAG": 10000.0,
    "E_value_trusted": 0.0,
    "KO_freq": 0.001
  },
  "K15864": {
    "Dk": 0.0096,
    "E_values_MAG": 0.0029,
    "E_value_trusted": 0.0,
    "KO_freq": 0.0134
  },
  "K04561": {
    "Dk": 0.0955,
    "E_values_MAG": 10000.0,
    "E_value_trusted": 0.0,
    "KO_freq": 0.1341
  },
  "K00371": {
    "Dk": 0.0007,
    "E_values_MAG": 10000.0,
    "E_value_trusted": 0.0,
    "KO_freq": 0.001
  },
  "K02305": {
    "Dk": 0.0191,
    "E_values_MAG": 0.0009,
    "E_value_trusted": 0.0,
    "KO_freq": 0.0268
  },
  "K02568": {
    "Dk": 0.1727,
    "E_values_MAG": 10000.0,
    "E_value_trusted": 0.0,
    "KO_freq": 0.2425
  },
  "K00368": {
    "Dk": 0.0485,
    "E_values_MAG": 10000.0,
    "E_value_trusted": 0.0,
    "KO_freq": 0.0682
  }
}