{
  "K13788": {
    "Dk": 0.5152,
    "E_values_MAG": 0.0,
    "E_value_trusted": 0.0,
    "KO_freq": 0.5039
  },
  "K25124": {
    "Dk": 0.004,
    "E_values_MAG": 4.6,
    "E_value_trusted": 0.0,
    "KO_freq": 0.0056
  },
  "K15023": {
    "Dk": 1.0,
    "E_values_MAG": 0.0,
    "E_value_trusted": 0.0,
    "KO_freq": 0.0112
  },
  "K00925": {
    "Dk": 0.6423,
    "E_values_MAG": 10000.0,
    "E_value_trusted": 0.0,
    "KO_freq": 0.9017
  },
  "K00197": {
    "Dk": 0.004,
    "E_values_MAG": 10000.0,
    "E_value_trusted": 0.0,
    "KO_freq": 0.0056
  },
  "K14138": {
    "Dk": 0.004,
    "E_values_MAG": 10000.0,
    "E_value_trusted": 0.0,
    "KO_freq": 0.0056
  },
  "K01938": {
    "Dk": 0.199,
    "E_values_MAG": 10000.0,
    "E_value_trusted": 0.0,
    "KO_freq": 0.2793
  },
  "K25007": {
    "Dk": 0.0007,
    "E_values_MAG": 10000.0,
    "E_value_trusted": 0.0,
    "KO_freq": 0.001
  },
  "K00198": {
    "Dk": 0.0119,
    "E_values_MAG": 10000.0,
    "E_value_trusted": 0.0,
    "KO_freq": 0.0168
  },
  "K15024": {
    "Dk": 0.0915,
    "E_values_MAG": 10000.0,
    "E_value_trusted": 0.0,
    "KO_freq": 0.1285
  },
  "K00625": {
    "Dk": 1.0,
    "E_values_MAG": 0.0,
    "E_value_trusted": 0.0,
    "KO_freq": 0.8994
  },
  "K25008": {
    "Dk": 0.0007,
    "E_values_MAG": 0.88,
    "E_value_trusted": 0.0,
    "KO_freq": 0.001
  },
  "K15022": {
    "Dk": 0.0576,
    "E_values_MAG": 0.0,
    "E_value_trusted": 0.0,
    "KO_freq": 0.001
  },
  "K05299": {
    "Dk": 1.0,
    "E_values_MAG": 0.0,
    "E_value_trusted": 0.0,
    "KO_freq": 0.0022
  },
  "K01491": {
    "Dk": 1.0,
    "E_values_MAG": 0.0,
    "E_value_trusted": 0.0,
    "KO_freq": 0.9196
  },
  "K00297": {
    "Dk": 1.0,
    "E_values_MAG": 0.0,
    "E_value_trusted": 0.0,
    "KO_freq": 0.6413
  },
  "K22015": {
    "Dk": 0.1504,
    "E_values_MAG": 10000.0,
    "E_value_trusted": 0.0,
    "KO_freq": 0.2112
  },
  "K25123": {
    "Dk": 0.004,
    "E_values_MAG": 10000.0,
    "E_value_trusted": 0.0,
    "KO_freq": 0.0056
  },
  "K00194": {
    "Dk": 0.004,
    "E_values_MAG": 10000.0,
    "E_value_trusted": 0.0,
    "KO_freq": 0.0056
  },
  "K01500": {
    "Dk": 0.0581,
    "E_values_MAG": 10000.0,
    "E_value_trusted": 0.0,
    "KO_freq": 0.0816
  }
}