{
    "START": [
        "K08693_6",
        "K01081_1",
        "K03787_4",
        "K19970_2",
        "K02566_5",
        "K20881_7",
        "K11751_3"
    ],
    "K19970_2": [
        "K09913_10",
        "K05810_11",
        "K03784_9",
        "K03783_8"
    ],
    "K03783_8": [
        "K01487_12"
    ],
    "K01487_12": [
        "K11177_19",
        "K00106_13",
        "K13481_17",
        "K00087_14"
    ],
    "K00087_14": [
        "K13479_15"
    ],
    "K13479_15": [
        "K13480_16"
    ],
    "K13480_16": [
        "SINK"
    ],
    "K03787_4": [
        "K09913_10",
        "K05810_11",
        "K03784_9",
        "K03783_8"
    ],
    "K09913_10": [
        "K01487_12"
    ],
    "K13481_17": [
        "K13482_18"
    ],
    "K13482_18": [
        "SINK"
    ],
    "K08693_6": [
        "K09913_10",
        "K05810_11",
        "K03784_9",
        "K03783_8"
    ],
    "K05810_11": [
        "K01487_12"
    ],
    "K20881_7": [
        "K09913_10",
        "K05810_11",
        "K03784_9",
        "K03783_8"
    ],
    "K00106_13": [
        "SINK"
    ],
    "K11751_3": [
        "K09913_10",
        "K05810_11",
        "K03784_9",
        "K03783_8"
    ],
    "K03784_9": [
        "K01487_12"
    ],
    "K01081_1": [
        "K09913_10",
        "K05810_11",
        "K03784_9",
        "K03783_8"
    ],
    "K11177_19": [
        "K11178_20"
    ],
    "K11178_20": [
        "K13483_21"
    ],
    "K13483_21": [
        "SINK"
    ],
    "K02566_5": [
        "K09913_10",
        "K05810_11",
        "K03784_9",
        "K03783_8"
    ]
}