{
  "K21782": {
    "Dk": 1.0,
    "E_values_MAG": 0.0,
    "E_value_trusted": 0.0,
    "KO_freq": 0.0034
  },
  "K21780": {
    "Dk": 0.9899,
    "E_values_MAG": 0.0,
    "E_value_trusted": 0.0,
    "KO_freq": 0.0022
  },
  "K21787": {
    "Dk": 0.2491,
    "E_values_MAG": 0.0,
    "E_value_trusted": 0.0,
    "KO_freq": 0.001
  },
  "K21784": {
    "Dk": 0.1866,
    "E_values_MAG": 0.0,
    "E_value_trusted": 0.0,
    "KO_freq": 0.001
  },
  "K21785": {
    "Dk": 0.0007,
    "E_values_MAG": 10000.0,
    "E_value_trusted": 0.0,
    "KO_freq": 0.001
  },
  "K21792": {
    "Dk": 1.0,
    "E_values_MAG": 0.0,
    "E_value_trusted": 0.0,
    "KO_freq": 0.001
  },
  "K21791": {
    "Dk": 0.0007,
    "E_values_MAG": 10000.0,
    "E_value_trusted": 0.0,
    "KO_freq": 0.001
  },
  "K21793": {
    "Dk": 0.9927,
    "E_values_MAG": 0.0,
    "E_value_trusted": 0.0,
    "KO_freq": 0.001
  },
  "K21783": {
    "Dk": 0.9993,
    "E_values_MAG": 0.0,
    "E_value_trusted": 0.0,
    "KO_freq": 0.001
  },
  "K21781": {
    "Dk": 0.0007,
    "E_values_MAG": 10000.0,
    "E_value_trusted": 0.0,
    "KO_freq": 0.001
  }
}