{
    "START": [
        "K12524_2",
        "K12525_3",
        "K00928_1"
    ],
    "K00928_1": [
        "K00133_4"
    ],
    "K00133_4": [
        "K12525_7",
        "K00003_5",
        "K12524_6"
    ],
    "K12525_7": [
        "K00641_9",
        "K00651_8"
    ],
    "K00651_8": [
        "K01739_10"
    ],
    "K01739_10": [
        "K01760_11",
        "K14155_12"
    ],
    "K01760_11": [
        "K00548_13",
        "K00549_15",
        "K24042_14"
    ],
    "K24042_14": [
        "SINK"
    ],
    "K00003_5": [
        "K00641_9",
        "K00651_8"
    ],
    "K14155_12": [
        "K24042_14",
        "K00548_13",
        "K00549_15"
    ],
    "K00548_13": [
        "SINK"
    ],
    "K12524_2": [
        "K00133_4"
    ],
    "K00641_9": [
        "K01739_10"
    ],
    "K00549_15": [
        "SINK"
    ],
    "K12525_3": [
        "K00133_4"
    ],
    "K12524_6": [
        "K00641_9",
        "K00651_8"
    ]
}