{
  "K00171": {
    "Dk": 0.3804,
    "E_values_MAG": 0.0,
    "E_value_trusted": 0.0,
    "KO_freq": 0.0168
  },
  "K00170": {
    "Dk": 0.0119,
    "E_values_MAG": 7.9,
    "E_value_trusted": 0.0,
    "KO_freq": 0.0168
  },
  "K00169": {
    "Dk": 0.0185,
    "E_values_MAG": 0.0,
    "E_value_trusted": 0.0,
    "KO_freq": 0.0257
  },
  "K00172": {
    "Dk": 0.1205,
    "E_values_MAG": 0.0,
    "E_value_trusted": 0.0,
    "KO_freq": 0.0257
  },
  "K00161": {
    "Dk": 0.2807,
    "E_values_MAG": 0.0,
    "E_value_trusted": 0.0,
    "KO_freq": 0.0514
  },
  "K00627": {
    "Dk": 1.0,
    "E_values_MAG": 0.0,
    "E_value_trusted": 0.0,
    "KO_freq": 0.6291
  },
  "K13997": {
    "Dk": 1.0,
    "E_values_MAG": 0.0,
    "E_value_trusted": 0.0,
    "KO_freq": 0.001
  },
  "K00189": {
    "Dk": 0.0007,
    "E_values_MAG": 10000.0,
    "E_value_trusted": 0.0,
    "KO_freq": 0.001
  },
  "K03737": {
    "Dk": 0.304,
    "E_values_MAG": 0.0004,
    "E_value_trusted": 0.0,
    "KO_freq": 0.4268
  },
  "K00382": {
    "Dk": 1.0,
    "E_values_MAG": 0.0,
    "E_value_trusted": 0.0,
    "KO_freq": 0.8827
  },
  "K00162": {
    "Dk": 0.9263,
    "E_values_MAG": 0.0,
    "E_value_trusted": 0.0,
    "KO_freq": 0.0525
  },
  "K00163": {
    "Dk": 0.3916,
    "E_values_MAG": 2.3,
    "E_value_trusted": 0.0,
    "KO_freq": 0.5497
  }
}