{
  "K00626": {
    "Dk": 1.0,
    "E_values_MAG": 0.0,
    "E_value_trusted": 0.0,
    "KO_freq": 0.7955
  },
  "K01641": {
    "Dk": 0.1801,
    "E_values_MAG": 0.0,
    "E_value_trusted": 0.0,
    "KO_freq": 0.2223
  },
  "K01640": {
    "Dk": 0.3055,
    "E_values_MAG": 0.0,
    "E_value_trusted": 0.0,
    "KO_freq": 0.2793
  },
  "K00019": {
    "Dk": 0.9998,
    "E_values_MAG": 0.0,
    "E_value_trusted": 0.0,
    "KO_freq": 0.3855
  },
  "K01574": {
    "Dk": 0.0493,
    "E_values_MAG": 10000.0,
    "E_value_trusted": 0.0,
    "KO_freq": 0.0693
  }
}