{
  "K23374": {
    "Dk": 0.031,
    "E_values_MAG": 10000.0,
    "E_value_trusted": 0.0,
    "KO_freq": 0.0436
  },
  "K23371": {
    "Dk": 0.0255,
    "E_values_MAG": 10000.0,
    "E_value_trusted": 0.0,
    "KO_freq": 0.0358
  },
  "K23373": {
    "Dk": 0.1562,
    "E_values_MAG": 0.0,
    "E_value_trusted": 0.0,
    "KO_freq": 0.0279
  },
  "K21721": {
    "Dk": 0.0287,
    "E_values_MAG": 10000.0,
    "E_value_trusted": 0.0,
    "KO_freq": 0.0402
  },
  "K23375": {
    "Dk": 0.0326,
    "E_values_MAG": 10000.0,
    "E_value_trusted": 0.0,
    "KO_freq": 0.0458
  },
  "K21949": {
    "Dk": 1.0,
    "E_values_MAG": 0.0,
    "E_value_trusted": 0.0,
    "KO_freq": 0.0749
  },
  "K23372": {
    "Dk": 0.0271,
    "E_values_MAG": 10000.0,
    "E_value_trusted": 0.0,
    "KO_freq": 0.038
  }
}