{
    "START": [
        "K11262_1",
        "K02160_2",
        "K11263_4"
    ],
    "K11263_4": [
        "K18472_7",
        "K01962_5"
    ],
    "K01962_5": [
        "K01963_6"
    ],
    "K01963_6": [
        "K00645_12",
        "K11533_11",
        "K00667_9",
        "K00665_8"
    ],
    "K00665_8": [
        "SINK"
    ],
    "K18472_7": [
        "K00665_8",
        "K11533_11",
        "K00645_12",
        "K00667_9"
    ],
    "K00645_12": [
        "K18473_14",
        "K00648_13"
    ],
    "K00648_13": [
        "SINK"
    ],
    "K02160_2": [
        "K01961_3"
    ],
    "K01961_3": [
        "K18472_7",
        "K01962_5"
    ],
    "K11533_11": [
        "SINK"
    ],
    "K11262_1": [
        "K00665_8",
        "K11533_11",
        "K00645_12",
        "K00667_9"
    ],
    "K18473_14": [
        "SINK"
    ],
    "K00667_9": [
        "K00668_10"
    ],
    "K00668_10": [
        "SINK"
    ]
}