{
  "K18256": {
    "Dk": 0.0143,
    "E_values_MAG": 0.33,
    "E_value_trusted": 0.0,
    "KO_freq": 0.0201
  },
  "K18254": {
    "Dk": 0.0055,
    "E_values_MAG": 0.0,
    "E_value_trusted": 0.0,
    "KO_freq": 0.001
  },
  "K18251": {
    "Dk": 0.0007,
    "E_values_MAG": 0.0,
    "E_value_trusted": 0.0,
    "KO_freq": 0.001
  },
  "K18252": {
    "Dk": 0.0119,
    "E_values_MAG": 10000.0,
    "E_value_trusted": 0.0,
    "KO_freq": 0.0168
  },
  "K18253": {
    "Dk": 0.0007,
    "E_values_MAG": 10000.0,
    "E_value_trusted": 0.0,
    "KO_freq": 0.001
  },
  "K18255": {
    "Dk": 0.0506,
    "E_values_MAG": 0.0,
    "E_value_trusted": 0.0,
    "KO_freq": 0.0034
  }
}