{
  "K02591": {
    "Dk": 0.0247,
    "E_values_MAG": 10000.0,
    "E_value_trusted": 0.0,
    "KO_freq": 0.0346
  },
  "K22899": {
    "Dk": 0.0007,
    "E_values_MAG": 8.1,
    "E_value_trusted": 0.0,
    "KO_freq": 0.001
  },
  "K02588": {
    "Dk": 0.0326,
    "E_values_MAG": 0.0001,
    "E_value_trusted": 0.0,
    "KO_freq": 0.0458
  },
  "K02586": {
    "Dk": 0.0247,
    "E_values_MAG": 10000.0,
    "E_value_trusted": 0.0,
    "KO_freq": 0.0346
  },
  "K22897": {
    "Dk": 0.0007,
    "E_values_MAG": 10000.0,
    "E_value_trusted": 0.0,
    "KO_freq": 0.001
  },
  "K22896": {
    "Dk": 0.0007,
    "E_values_MAG": 10000.0,
    "E_value_trusted": 0.0,
    "KO_freq": 0.001
  },
  "K00531": {
    "Dk": 0.0008,
    "E_values_MAG": 10000.0,
    "E_value_trusted": 0.0,
    "KO_freq": 0.0011
  },
  "K22898": {
    "Dk": 0.0007,
    "E_values_MAG": 10000.0,
    "E_value_trusted": 0.0,
    "KO_freq": 0.001
  }
}