{
  "K00626": {
    "Dk": 1.0,
    "E_values_MAG": 0.0,
    "E_value_trusted": 0.0,
    "KO_freq": 0.7955
  },
  "K01641": {
    "Dk": 0.1801,
    "E_values_MAG": 0.0,
    "E_value_trusted": 0.0,
    "KO_freq": 0.2223
  },
  "K00869": {
    "Dk": 0.156,
    "E_values_MAG": 0.0001,
    "E_value_trusted": 0.0,
    "KO_freq": 0.219
  },
  "K01823": {
    "Dk": 0.9994,
    "E_values_MAG": 0.0,
    "E_value_trusted": 0.0,
    "KO_freq": 0.5207
  },
  "K00021": {
    "Dk": 0.0302,
    "E_values_MAG": 10000.0,
    "E_value_trusted": 0.0,
    "KO_freq": 0.0425
  },
  "K00938": {
    "Dk": 0.1584,
    "E_values_MAG": 10000.0,
    "E_value_trusted": 0.0,
    "KO_freq": 0.2223
  },
  "K01597": {
    "Dk": 0.1679,
    "E_values_MAG": 10000.0,
    "E_value_trusted": 0.0,
    "KO_freq": 0.2358
  },
  "K13273": {
    "Dk": 0.0007,
    "E_values_MAG": 10000.0,
    "E_value_trusted": 0.0,
    "KO_freq": 0.001
  }
}