{
  "K00207": {
    "Dk": 0.4391,
    "E_values_MAG": 0.0,
    "E_value_trusted": 0.0,
    "KO_freq": 0.001
  },
  "K06016": {
    "Dk": 0.1497,
    "E_values_MAG": 0.0,
    "E_value_trusted": 0.0,
    "KO_freq": 0.2056
  },
  "K01431": {
    "Dk": 0.3605,
    "E_values_MAG": 0.0,
    "E_value_trusted": 0.0,
    "KO_freq": 0.0101
  },
  "K17722": {
    "Dk": 0.1217,
    "E_values_MAG": 0.0,
    "E_value_trusted": 0.0,
    "KO_freq": 0.0961
  },
  "K17723": {
    "Dk": 0.8872,
    "E_values_MAG": 0.0,
    "E_value_trusted": 0.0,
    "KO_freq": 0.1307
  },
  "K01464": {
    "Dk": 1.0,
    "E_values_MAG": 0.0,
    "E_value_trusted": 0.0,
    "KO_freq": 0.1777
  }
}