{
  "K20436": {
    "Dk": 0.0833,
    "E_values_MAG": 0.0,
    "E_value_trusted": 0.0,
    "KO_freq": 0.001
  },
  "K20433": {
    "Dk": 0.028,
    "E_values_MAG": 0.0,
    "E_value_trusted": 0.0,
    "KO_freq": 0.001
  },
  "K19969": {
    "Dk": 0.1854,
    "E_values_MAG": 0.0,
    "E_value_trusted": 0.0,
    "KO_freq": 0.0045
  },
  "K20438": {
    "Dk": 0.1571,
    "E_values_MAG": 0.0,
    "E_value_trusted": 0.0,
    "KO_freq": 0.1028
  },
  "K20434": {
    "Dk": 0.0007,
    "E_values_MAG": 0.33,
    "E_value_trusted": 0.0,
    "KO_freq": 0.001
  },
  "K20431": {
    "Dk": 0.0007,
    "E_values_MAG": 0.34,
    "E_value_trusted": 0.0,
    "KO_freq": 0.001
  },
  "K20432": {
    "Dk": 0.1051,
    "E_values_MAG": 0.0,
    "E_value_trusted": 0.0,
    "KO_freq": 0.001
  },
  "K20437": {
    "Dk": 0.2334,
    "E_values_MAG": 0.0,
    "E_value_trusted": 0.0,
    "KO_freq": 0.001
  },
  "K20435": {
    "Dk": 0.1192,
    "E_values_MAG": 0.0,
    "E_value_trusted": 0.0,
    "KO_freq": 0.001
  }
}