{
    "START": [
        "K00169_1"
    ],
    "K00169_1": [
        "K00170_2"
    ],
    "K00170_2": [
        "K00171_3"
    ],
    "K00171_3": [
        "K00172_4"
    ],
    "K00172_4": [
        "K01959_5"
    ],
    "K01959_5": [
        "K01960_6"
    ],
    "K01960_6": [
        "K00024_7"
    ],
    "K00024_7": [
        "K01677_8"
    ],
    "K01677_8": [
        "K01678_9"
    ],
    "K01678_9": [
        "K18209_10"
    ],
    "K18209_10": [
        "K18210_11"
    ],
    "K18210_11": [
        "K01902_12"
    ],
    "K01902_12": [
        "K01903_13"
    ],
    "K01903_13": [
        "K00174_14"
    ],
    "K00174_14": [
        "K00175_15"
    ],
    "K00175_15": [
        "K00176_16"
    ],
    "K00176_16": [
        "K00177_17"
    ],
    "K00177_17": [
        "SINK"
    ]
}