{
    "START": [
        "K01647_1",
        "K01659_2"
    ],
    "K01647_1": [
        "K27802_3"
    ],
    "K27802_3": [
        "K00031_4"
    ],
    "K00031_4": [
        "K00261_5"
    ],
    "K00261_5": [
        "K19268_6"
    ],
    "K19268_6": [
        "K01846_7"
    ],
    "K01846_7": [
        "K04835_8"
    ],
    "K04835_8": [
        "K19280_9"
    ],
    "K19280_9": [
        "K14449_10"
    ],
    "K14449_10": [
        "K19281_11"
    ],
    "K19281_11": [
        "K19282_12"
    ],
    "K19282_12": [
        "K00024_13"
    ],
    "K00024_13": [
        "SINK"
    ],
    "K01659_2": [
        "K27802_3"
    ]
}