{
    "START": [
        "K00975_8",
        "K00963_1"
    ],
    "K00963_1": [
        "K16153_5",
        "K16150_4",
        "K00693_2",
        "K13679_6",
        "K20812_7"
    ],
    "K16150_4": [
        "K16149_13",
        "K00700_12"
    ],
    "K16149_13": [
        "SINK"
    ],
    "K13679_6": [
        "K16149_13",
        "K00700_12"
    ],
    "K20812_7": [
        "K16149_13",
        "K00700_12"
    ],
    "K00700_12": [
        "SINK"
    ],
    "K00975_8": [
        "K20812_11",
        "K00703_9",
        "K13679_10"
    ],
    "K00703_9": [
        "K16149_13",
        "K00700_12"
    ],
    "K13679_10": [
        "K16149_13",
        "K00700_12"
    ],
    "K20812_11": [
        "K16149_13",
        "K00700_12"
    ],
    "K00693_2": [
        "K00750_3"
    ],
    "K00750_3": [
        "K16149_13",
        "K00700_12"
    ],
    "K16153_5": [
        "K16149_13",
        "K00700_12"
    ]
}