{
  "K20261": {
    "Dk": 0.0072,
    "E_values_MAG": 0.0058,
    "E_value_trusted": 0.0,
    "KO_freq": 0.0101
  },
  "K21103": {
    "Dk": 0.0227,
    "E_values_MAG": 0.0,
    "E_value_trusted": 0.0,
    "KO_freq": 0.0056
  },
  "K20940": {
    "Dk": 0.2379,
    "E_values_MAG": 0.0,
    "E_value_trusted": 0.0,
    "KO_freq": 0.0402
  },
  "K20262": {
    "Dk": 0.9998,
    "E_values_MAG": 0.0,
    "E_value_trusted": 0.0,
    "KO_freq": 0.0045
  },
  "K13063": {
    "Dk": 0.1025,
    "E_values_MAG": 0.0,
    "E_value_trusted": 0.0,
    "KO_freq": 0.0235
  },
  "K20260": {
    "Dk": 0.004,
    "E_values_MAG": 10000.0,
    "E_value_trusted": 0.0,
    "KO_freq": 0.0056
  },
  "K06998": {
    "Dk": 0.6129,
    "E_values_MAG": 0.0,
    "E_value_trusted": 0.0,
    "KO_freq": 0.5508
  }
}