{
    "START": [
        "K00626_1"
    ],
    "K00626_1": [
        "K01641_2"
    ],
    "K01641_2": [
        "K00021_3",
        "K00054_4"
    ],
    "K00021_3": [
        "K00869_5",
        "K18689_11"
    ],
    "K00869_5": [
        "K17942_6",
        "K25517_7"
    ],
    "K17942_6": [
        "K06981_14"
    ],
    "K06981_14": [
        "K01823_15"
    ],
    "K01823_15": [
        "SINK"
    ],
    "K18689_11": [
        "K18690_12"
    ],
    "K18690_12": [
        "K22813_13"
    ],
    "K22813_13": [
        "K06981_14"
    ],
    "K00054_4": [
        "K00869_5",
        "K18689_11"
    ],
    "K25517_7": [
        "K09128_8"
    ],
    "K09128_8": [
        "K25518_9"
    ],
    "K25518_9": [
        "K03186_10"
    ],
    "K03186_10": [
        "K06981_14"
    ]
}