{
    "START": [
        "K00036_2",
        "K19243_3",
        "K13937_1"
    ],
    "K19243_3": [
        "K01057_4",
        "K07404_5"
    ],
    "K01057_4": [
        "K00033_6"
    ],
    "K00033_6": [
        "K01783_7"
    ],
    "K01783_7": [
        "K01808_9",
        "K01807_8"
    ],
    "K01808_9": [
        "K00615_10"
    ],
    "K00615_10": [
        "K00616_11",
        "K13810_15"
    ],
    "K13810_15": [
        "SINK"
    ],
    "K07404_5": [
        "K00033_6"
    ],
    "K00616_11": [
        "K01810_12",
        "K15916_14",
        "K06859_13"
    ],
    "K01810_12": [
        "SINK"
    ],
    "K13937_1": [
        "K00033_6"
    ],
    "K01807_8": [
        "K00615_10"
    ],
    "K00036_2": [
        "K01057_4",
        "K07404_5"
    ],
    "K15916_14": [
        "SINK"
    ],
    "K06859_13": [
        "SINK"
    ]
}