{
    "START": [
        "K12524_2",
        "K12525_3",
        "K12526_4",
        "K00928_1"
    ],
    "K12524_2": [
        "K00133_5"
    ],
    "K00133_5": [
        "K12524_7",
        "K12525_8",
        "K00003_6"
    ],
    "K12524_7": [
        "K02203_11",
        "K00872_9",
        "K02204_10"
    ],
    "K00872_9": [
        "K01733_12"
    ],
    "K01733_12": [
        "SINK"
    ],
    "K02203_11": [
        "K01733_12"
    ],
    "K12525_3": [
        "K00133_5"
    ],
    "K12525_8": [
        "K02203_11",
        "K00872_9",
        "K02204_10"
    ],
    "K00003_6": [
        "K02203_11",
        "K00872_9",
        "K02204_10"
    ],
    "K12526_4": [
        "K00133_5"
    ],
    "K02204_10": [
        "K01733_12"
    ],
    "K00928_1": [
        "K00133_5"
    ]
}