{
    "START": [
        "K02552_1"
    ],
    "K02552_1": [
        "K02551_2"
    ],
    "K02551_2": [
        "K08680_3"
    ],
    "K08680_3": [
        "K02549_4",
        "K14759_5"
    ],
    "K02549_4": [
        "K14760_7",
        "K01911_6"
    ],
    "K01911_6": [
        "K01661_8"
    ],
    "K01661_8": [
        "K12073_10",
        "K19222_9"
    ],
    "K19222_9": [
        "K23094_11"
    ],
    "K23094_11": [
        "K17872_12"
    ],
    "K17872_12": [
        "K23095_13"
    ],
    "K23095_13": [
        "SINK"
    ],
    "K12073_10": [
        "K23094_11"
    ],
    "K14759_5": [
        "K14760_7",
        "K01911_6"
    ],
    "K14760_7": [
        "K01661_8"
    ]
}