{
    "START": [
        "K02492_1"
    ],
    "K02492_1": [
        "K01845_2"
    ],
    "K01845_2": [
        "K01698_3"
    ],
    "K01698_3": [
        "K01749_4"
    ],
    "K01749_4": [
        "K01719_5",
        "K13542_6"
    ],
    "K13542_6": [
        "K01599_7"
    ],
    "K01599_7": [
        "K00231_8"
    ],
    "K00231_8": [
        "K01772_9"
    ],
    "K01772_9": [
        "K00435_10"
    ],
    "K00435_10": [
        "SINK"
    ],
    "K01719_5": [
        "K01599_7"
    ]
}