{
    "START": [
        "K00855_1"
    ],
    "K00855_1": [
        "K01601_2"
    ],
    "K01601_2": [
        "K01602_3",
        "K00927_4"
    ],
    "K01602_3": [
        "K00927_4"
    ],
    "K00927_4": [
        "K00134_7",
        "K00150_6",
        "K05298_5"
    ],
    "K00134_7": [
        "K01803_8"
    ],
    "K01803_8": [
        "K01623_9",
        "K01624_10"
    ],
    "K01623_9": [
        "K02446_12",
        "K11532_13",
        "K01086_14",
        "K03841_11"
    ],
    "K11532_13": [
        "K00615_15"
    ],
    "K00615_15": [
        "K01100_16",
        "K11532_17",
        "K01086_18"
    ],
    "K01100_16": [
        "K01807_19",
        "K01808_20"
    ],
    "K01807_19": [
        "K01783_21"
    ],
    "K01783_21": [
        "SINK"
    ],
    "K00150_6": [
        "K01803_8"
    ],
    "K02446_12": [
        "K00615_15"
    ],
    "K01086_14": [
        "K00615_15"
    ],
    "K01086_18": [
        "K01807_19",
        "K01808_20"
    ],
    "K01624_10": [
        "K02446_12",
        "K11532_13",
        "K01086_14",
        "K03841_11"
    ],
    "K01808_20": [
        "K01783_21"
    ],
    "K03841_11": [
        "K00615_15"
    ],
    "K11532_17": [
        "K01807_19",
        "K01808_20"
    ],
    "K05298_5": [
        "K01803_8"
    ]
}