{
  "K21220": {
    "Dk": 0.0007,
    "E_values_MAG": 10000.0,
    "E_value_trusted": 0.0,
    "KO_freq": 0.001
  },
  "K22699": {
    "Dk": 0.0007,
    "E_values_MAG": 0.0002,
    "E_value_trusted": 0.0,
    "KO_freq": 0.001
  },
  "K21219": {
    "Dk": 0.0007,
    "E_values_MAG": 10000.0,
    "E_value_trusted": 0.0,
    "KO_freq": 0.001
  },
  "K00946": {
    "Dk": 1.0,
    "E_values_MAG": 0.0,
    "E_value_trusted": 0.0,
    "KO_freq": 0.6268
  },
  "K00788": {
    "Dk": 0.585,
    "E_values_MAG": 0.0072,
    "E_value_trusted": 0.0,
    "KO_freq": 0.8212
  },
  "K00941": {
    "Dk": 0.5428,
    "E_values_MAG": 0.29,
    "E_value_trusted": 0.0,
    "KO_freq": 0.762
  },
  "K03147": {
    "Dk": 0.4672,
    "E_values_MAG": 10000.0,
    "E_value_trusted": 0.0,
    "KO_freq": 0.6559
  }
}