{
    "START": [
        "K18351_5",
        "K18345_1"
    ],
    "K18351_5": [
        "K18352_6"
    ],
    "K18352_6": [
        "K18354_7"
    ],
    "K18354_7": [
        "K18353_8"
    ],
    "K18353_8": [
        "K18347_9"
    ],
    "K18347_9": [
        "K15739_10"
    ],
    "K15739_10": [
        "K08641_11"
    ],
    "K08641_11": [
        "SINK"
    ],
    "K18345_1": [
        "K18344_2"
    ],
    "K18344_2": [
        "K07260_3"
    ],
    "K07260_3": [
        "K18346_4"
    ],
    "K18346_4": [
        "K18347_9"
    ]
}