{
  "K18933": {
    "Dk": 0.1718,
    "E_values_MAG": 0.0,
    "E_value_trusted": 0.0,
    "KO_freq": 0.0056
  },
  "K19793": {
    "Dk": 0.3055,
    "E_values_MAG": 0.0,
    "E_value_trusted": 0.0,
    "KO_freq": 0.0112
  },
  "K09733": {
    "Dk": 0.0007,
    "E_values_MAG": 10000.0,
    "E_value_trusted": 0.0,
    "KO_freq": 0.001
  },
  "K07072": {
    "Dk": 0.0007,
    "E_values_MAG": 10000.0,
    "E_value_trusted": 0.0,
    "KO_freq": 0.001
  },
  "K07144": {
    "Dk": 0.0007,
    "E_values_MAG": 4.3,
    "E_value_trusted": 0.0,
    "KO_freq": 0.001
  },
  "K06914": {
    "Dk": 0.0055,
    "E_values_MAG": 0.0,
    "E_value_trusted": 0.0,
    "KO_freq": 0.001
  }
}