{
  "K18087": {
    "Dk": 0.0008,
    "E_values_MAG": 0.0065,
    "E_value_trusted": 0.0,
    "KO_freq": 0.0011
  },
  "K10222": {
    "Dk": 0.0559,
    "E_values_MAG": 0.0,
    "E_value_trusted": 0.0,
    "KO_freq": 0.001
  },
  "K08690": {
    "Dk": 0.1102,
    "E_values_MAG": 0.0,
    "E_value_trusted": 0.0,
    "KO_freq": 0.0011
  },
  "K15750": {
    "Dk": 0.0008,
    "E_values_MAG": 10000.0,
    "E_value_trusted": 0.0,
    "KO_freq": 0.0011
  },
  "K18088": {
    "Dk": 0.0093,
    "E_values_MAG": 0.0,
    "E_value_trusted": 0.0,
    "KO_freq": 0.001
  },
  "K08689": {
    "Dk": 0.0424,
    "E_values_MAG": 0.0,
    "E_value_trusted": 0.0,
    "KO_freq": 0.0011
  },
  "K00462": {
    "Dk": 0.0008,
    "E_values_MAG": 3.6,
    "E_value_trusted": 0.0,
    "KO_freq": 0.0011
  }
}