{
    "START": [
        "K00525_1",
        "K10807_3"
    ],
    "K00525_1": [
        "K00526_2"
    ],
    "K00526_2": [
        "K00940_5",
        "K18533_6"
    ],
    "K00940_5": [
        "K01520_7"
    ],
    "K01520_7": [
        "K13998_9",
        "K03465_10",
        "K00560_8"
    ],
    "K13998_9": [
        "K00943_11"
    ],
    "K00943_11": [
        "SINK"
    ],
    "K10807_3": [
        "K10808_4"
    ],
    "K10808_4": [
        "K00940_5",
        "K18533_6"
    ],
    "K00560_8": [
        "K00943_11"
    ],
    "K18533_6": [
        "K01520_7"
    ],
    "K03465_10": [
        "K00943_11"
    ]
}