{
    "START": [
        "K21780_1",
        "K21787_11",
        "K21791_8"
    ],
    "K21791_8": [
        "K21792_9"
    ],
    "K21792_9": [
        "K21793_10"
    ],
    "K21793_10": [
        "SINK"
    ],
    "K21787_11": [
        "SINK"
    ],
    "K21780_1": [
        "K21781_2"
    ],
    "K21781_2": [
        "K21782_3"
    ],
    "K21782_3": [
        "K21783_4"
    ],
    "K21783_4": [
        "K21784_5"
    ],
    "K21784_5": [
        "K21785_6"
    ],
    "K21785_6": [
        "K27675_7"
    ],
    "K27675_7": [
        "SINK"
    ]
}