{
    "START": [
        "K00468_1"
    ],
    "K00468_1": [
        "K01506_2"
    ],
    "K01506_2": [
        "K14268_3",
        "K07250_4"
    ],
    "K07250_4": [
        "K00135_5"
    ],
    "K00135_5": [
        "K15737_6",
        "K01041_8"
    ],
    "K01041_8": [
        "K00252_9"
    ],
    "K00252_9": [
        "K01825_11",
        "K01692_10",
        "K01782_12"
    ],
    "K01692_10": [
        "K01782_14",
        "K01825_13"
    ],
    "K01782_14": [
        "K00626_15"
    ],
    "K00626_15": [
        "SINK"
    ],
    "K15737_6": [
        "K15736_7"
    ],
    "K15736_7": [
        "SINK"
    ],
    "K01825_11": [
        "K01782_14",
        "K01825_13"
    ],
    "K14268_3": [
        "K00135_5"
    ],
    "K01782_12": [
        "K01825_13",
        "K01782_14"
    ],
    "K01825_13": [
        "K00626_15"
    ]
}