{
    "START": [
        "K18240_2",
        "K03181_1"
    ],
    "K03181_1": [
        "K03179_3"
    ],
    "K03179_3": [
        "K03182_4"
    ],
    "K03182_4": [
        "K03186_5"
    ],
    "K03186_5": [
        "K18800_6"
    ],
    "K18800_6": [
        "K00568_7"
    ],
    "K00568_7": [
        "K03185_8"
    ],
    "K03185_8": [
        "K03183_9"
    ],
    "K03183_9": [
        "K06134_11",
        "K03184_10"
    ],
    "K06134_11": [
        "SINK"
    ],
    "K18240_2": [
        "K03179_3"
    ],
    "K03184_10": [
        "SINK"
    ]
}