{
    "START": [
        "K00249_2",
        "K09479_5",
        "K06445_4",
        "K00232_1",
        "K00255_3"
    ],
    "K06445_4": [
        "K01825_11",
        "K07511_7",
        "K10527_15",
        "K01692_6",
        "K13767_8",
        "K07515_14",
        "K07514_13",
        "K01782_12"
    ],
    "K01692_6": [
        "K00022_9",
        "K07516_10"
    ],
    "K07516_10": [
        "K07509_18",
        "K07513_19",
        "K00632_16",
        "K07508_17"
    ],
    "K07513_19": [
        "SINK"
    ],
    "K00249_2": [
        "K01825_11",
        "K07511_7",
        "K10527_15",
        "K01692_6",
        "K13767_8",
        "K07515_14",
        "K07514_13",
        "K01782_12"
    ],
    "K10527_15": [
        "K07509_18",
        "K07513_19",
        "K00632_16",
        "K07508_17"
    ],
    "K00632_16": [
        "SINK"
    ],
    "K00232_1": [
        "K01825_11",
        "K07511_7",
        "K10527_15",
        "K01692_6",
        "K13767_8",
        "K07515_14",
        "K07514_13",
        "K01782_12"
    ],
    "K07515_14": [
        "K07509_18",
        "K07513_19",
        "K00632_16",
        "K07508_17"
    ],
    "K09479_5": [
        "K01825_11",
        "K07511_7",
        "K10527_15",
        "K01692_6",
        "K13767_8",
        "K07515_14",
        "K07514_13",
        "K01782_12"
    ],
    "K01825_11": [
        "K07509_18",
        "K07513_19",
        "K00632_16",
        "K07508_17"
    ],
    "K07511_7": [
        "K00022_9",
        "K07516_10"
    ],
    "K07508_17": [
        "SINK"
    ],
    "K00022_9": [
        "K07509_18",
        "K07513_19",
        "K00632_16",
        "K07508_17"
    ],
    "K07509_18": [
        "SINK"
    ],
    "K00255_3": [
        "K01825_11",
        "K07511_7",
        "K10527_15",
        "K01692_6",
        "K13767_8",
        "K07515_14",
        "K07514_13",
        "K01782_12"
    ],
    "K01782_12": [
        "K07509_18",
        "K07513_19",
        "K00632_16",
        "K07508_17"
    ],
    "K07514_13": [
        "K07509_18",
        "K07513_19",
        "K00632_16",
        "K07508_17"
    ],
    "K13767_8": [
        "K00022_9",
        "K07516_10"
    ]
}