{
    "START": [
        "K02303_1",
        "K13542_2"
    ],
    "K13542_2": [
        "K03394_3",
        "K13540_4"
    ],
    "K13540_4": [
        "K02229_5"
    ],
    "K02229_5": [
        "K13540_7",
        "K13541_8",
        "K05934_6"
    ],
    "K13541_8": [
        "K05936_9"
    ],
    "K05936_9": [
        "K02228_10"
    ],
    "K02228_10": [
        "K05895_11"
    ],
    "K05895_11": [
        "K00595_12"
    ],
    "K00595_12": [
        "K06042_13"
    ],
    "K06042_13": [
        "K02224_14"
    ],
    "K02224_14": [
        "K02230_15"
    ],
    "K02230_15": [
        "K09882_16"
    ],
    "K09882_16": [
        "K09883_17"
    ],
    "K09883_17": [
        "SINK"
    ],
    "K02303_1": [
        "K03394_3",
        "K13540_4"
    ],
    "K03394_3": [
        "K02229_5"
    ],
    "K05934_6": [
        "K05936_9"
    ],
    "K13540_7": [
        "K05936_9"
    ]
}