{
    "START": [
        "K13812_2",
        "K13831_4",
        "K08093_1"
    ],
    "K08093_1": [
        "K08094_3"
    ],
    "K08094_3": [
        "K16370_6",
        "K21071_7",
        "K00850_5"
    ],
    "K16370_6": [
        "K01624_8"
    ],
    "K01624_8": [
        "SINK"
    ],
    "K13831_4": [
        "K00850_5",
        "K21071_7",
        "K16370_6"
    ],
    "K00850_5": [
        "K01624_8"
    ],
    "K13812_2": [
        "K08094_3"
    ],
    "K21071_7": [
        "K01624_8"
    ]
}