{
    "START": [
        "K03737_5",
        "K00169_1"
    ],
    "K03737_5": [
        "K01007_6",
        "K01006_7"
    ],
    "K01006_7": [
        "K01959_9",
        "K01958_11",
        "K01595_8"
    ],
    "K01959_9": [
        "K01960_10"
    ],
    "K01960_10": [
        "K00024_12"
    ],
    "K00024_12": [
        "K01676_13",
        "K01677_15",
        "K01679_14"
    ],
    "K01679_14": [
        "K00239_17",
        "K18556_21"
    ],
    "K00239_17": [
        "K00240_18"
    ],
    "K00240_18": [
        "K00241_19",
        "K01902_26",
        "K00242_20"
    ],
    "K00242_20": [
        "K01902_26"
    ],
    "K01902_26": [
        "K01903_27"
    ],
    "K01903_27": [
        "K00174_28"
    ],
    "K00174_28": [
        "K00175_29"
    ],
    "K00175_29": [
        "K00031_32",
        "K00177_30",
        "K00176_31"
    ],
    "K00031_32": [
        "K27802_34",
        "K01681_33",
        "K01682_35"
    ],
    "K01682_35": [
        "K15232_38",
        "K15230_36"
    ],
    "K15232_38": [
        "K15233_39"
    ],
    "K15233_39": [
        "K15234_40"
    ],
    "K15234_40": [
        "SINK"
    ],
    "K00169_1": [
        "K00170_2"
    ],
    "K00170_2": [
        "K00171_3"
    ],
    "K00171_3": [
        "K00172_4"
    ],
    "K00172_4": [
        "K01007_6",
        "K01006_7"
    ],
    "K01007_6": [
        "K01959_9",
        "K01958_11",
        "K01595_8"
    ],
    "K01958_11": [
        "K00024_12"
    ],
    "K01677_15": [
        "K01678_16"
    ],
    "K01678_16": [
        "K00239_17",
        "K18556_21"
    ],
    "K00177_30": [
        "K00031_32",
        "K00176_31"
    ],
    "K01676_13": [
        "K00239_17",
        "K18556_21"
    ],
    "K00176_31": [
        "K00031_32"
    ],
    "K27802_34": [
        "K15232_38",
        "K15230_36"
    ],
    "K00241_19": [
        "K01902_26",
        "K00242_20"
    ],
    "K01595_8": [
        "K00024_12"
    ],
    "K01681_33": [
        "K15232_38",
        "K15230_36"
    ],
    "K18556_21": [
        "K18557_22"
    ],
    "K18557_22": [
        "K18558_23"
    ],
    "K18558_23": [
        "K18559_24"
    ],
    "K18559_24": [
        "K18560_25"
    ],
    "K18560_25": [
        "K01902_26"
    ],
    "K15230_36": [
        "K15231_37"
    ],
    "K15231_37": [
        "K15234_40"
    ]
}