{
    "START": [
        "K01580_1"
    ],
    "K01580_1": [
        "K13524_2",
        "K16871_5",
        "K07250_3",
        "K00823_4"
    ],
    "K00823_4": [
        "K00135_6",
        "K00139_7",
        "K17761_8"
    ],
    "K00135_6": [
        "SINK"
    ],
    "K13524_2": [
        "K00135_6",
        "K17761_8",
        "K00139_7"
    ],
    "K00139_7": [
        "SINK"
    ],
    "K17761_8": [
        "SINK"
    ],
    "K16871_5": [
        "K00135_6",
        "K17761_8",
        "K00139_7"
    ],
    "K07250_3": [
        "K00135_6",
        "K00139_7",
        "K17761_8"
    ]
}