{
    "START": [
        "K00200_1"
    ],
    "K00200_1": [
        "K00201_2"
    ],
    "K00201_2": [
        "K00202_3"
    ],
    "K00202_3": [
        "K00203_4"
    ],
    "K00203_4": [
        "K00205_6",
        "K11261_5",
        "K11260_7",
        "K00204_8"
    ],
    "K00204_8": [
        "K00672_9"
    ],
    "K00672_9": [
        "K01499_10"
    ],
    "K01499_10": [
        "K00319_11",
        "K13942_12"
    ],
    "K13942_12": [
        "K00320_13"
    ],
    "K00320_13": [
        "K00577_14"
    ],
    "K00577_14": [
        "K00578_15"
    ],
    "K00578_15": [
        "K00579_16"
    ],
    "K00579_16": [
        "K00580_17"
    ],
    "K00580_17": [
        "K00581_18"
    ],
    "K00581_18": [
        "K00584_21",
        "K00583_20",
        "K00582_19"
    ],
    "K00582_19": [
        "K00584_21",
        "K00583_20"
    ],
    "K00583_20": [
        "K00584_21"
    ],
    "K00584_21": [
        "K00399_22"
    ],
    "K00399_22": [
        "K00401_23"
    ],
    "K00401_23": [
        "K00402_24"
    ],
    "K00402_24": [
        "K03388_28",
        "K08264_31",
        "K22480_25",
        "K03388_33"
    ],
    "K03388_33": [
        "K03389_34"
    ],
    "K03389_34": [
        "K03390_35"
    ],
    "K03390_35": [
        "K14127_36"
    ],
    "K14127_36": [
        "K22516_39",
        "K14126_37"
    ],
    "K22516_39": [
        "K00125_40"
    ],
    "K00125_40": [
        "SINK"
    ],
    "K11261_5": [
        "K00205_6",
        "K00204_8",
        "K11260_7"
    ],
    "K00205_6": [
        "K00672_9"
    ],
    "K08264_31": [
        "K08265_32"
    ],
    "K08265_32": [
        "SINK"
    ],
    "K03388_28": [
        "K03389_29"
    ],
    "K03389_29": [
        "K03390_30"
    ],
    "K03390_30": [
        "SINK"
    ],
    "K00319_11": [
        "K00320_13"
    ],
    "K14126_37": [
        "K14128_38"
    ],
    "K14128_38": [
        "SINK"
    ],
    "K11260_7": [
        "K00672_9"
    ],
    "K22480_25": [
        "K22481_26"
    ],
    "K22481_26": [
        "K22482_27"
    ],
    "K22482_27": [
        "SINK"
    ]
}