{
    "START": [
        "K10961_1"
    ],
    "K10961_1": [
        "K10920_2"
    ],
    "K10920_2": [
        "K10919_3"
    ],
    "K10919_3": [
        "K10930_4"
    ],
    "K10930_4": [
        "K10931_5"
    ],
    "K10931_5": [
        "K10962_6"
    ],
    "K10962_6": [
        "K10932_7"
    ],
    "K10932_7": [
        "K10963_8"
    ],
    "K10963_8": [
        "K10933_9"
    ],
    "K10933_9": [
        "K10964_10"
    ],
    "K10964_10": [
        "K10965_11"
    ],
    "K10965_11": [
        "K10934_12"
    ],
    "K10934_12": [
        "K10935_13"
    ],
    "K10935_13": [
        "K10966_14"
    ],
    "K10966_14": [
        "SINK"
    ]
}