{
    "START": [
        "K12526_4",
        "K00928_1",
        "K12524_2",
        "K12525_3"
    ],
    "K00928_1": [
        "K00133_5"
    ],
    "K00133_5": [
        "K01714_6"
    ],
    "K01714_6": [
        "K00215_7"
    ],
    "K00215_7": [
        "K00674_8"
    ],
    "K00674_8": [
        "K00821_9",
        "K14267_10"
    ],
    "K00821_9": [
        "K01439_11"
    ],
    "K01439_11": [
        "K01778_12"
    ],
    "K01778_12": [
        "K01586_13",
        "K12526_14"
    ],
    "K01586_13": [
        "SINK"
    ],
    "K12526_4": [
        "K00133_5"
    ],
    "K14267_10": [
        "K01439_11"
    ],
    "K12524_2": [
        "K00133_5"
    ],
    "K12525_3": [
        "K00133_5"
    ],
    "K12526_14": [
        "SINK"
    ]
}