{
    "START": [
        "K00677_1"
    ],
    "K00677_1": [
        "K02535_2"
    ],
    "K02535_2": [
        "K02536_3"
    ],
    "K02536_3": [
        "K09949_5",
        "K03269_4"
    ],
    "K03269_4": [
        "K00748_6"
    ],
    "K00748_6": [
        "K00912_7"
    ],
    "K00912_7": [
        "K02527_8"
    ],
    "K02527_8": [
        "K02517_9"
    ],
    "K02517_9": [
        "K02560_10"
    ],
    "K02560_10": [
        "SINK"
    ],
    "K09949_5": [
        "K00748_6"
    ]
}