{
    "START": [
        "K01081_6",
        "K11751_8",
        "K02566_10",
        "K03787_9",
        "K01490_1",
        "K19970_7",
        "K08693_11"
    ],
    "K11751_8": [
        "K19572_13",
        "K05810_14",
        "K01488_12"
    ],
    "K01488_12": [
        "K09913_17",
        "K03783_15",
        "K05810_18",
        "K03784_16"
    ],
    "K05810_18": [
        "K13481_23",
        "K00106_19",
        "K11177_25",
        "K00087_20"
    ],
    "K00106_19": [
        "SINK"
    ],
    "K08693_11": [
        "K19572_13",
        "K05810_14",
        "K01488_12"
    ],
    "K09913_17": [
        "K13481_23",
        "K00106_19",
        "K11177_25",
        "K00087_20"
    ],
    "K00087_20": [
        "K13479_21"
    ],
    "K13479_21": [
        "K13480_22"
    ],
    "K13480_22": [
        "SINK"
    ],
    "K01490_1": [
        "K19970_3",
        "K18550_5",
        "K03787_4",
        "K01081_2"
    ],
    "K03787_4": [
        "K09913_17",
        "K03783_15",
        "K03784_16",
        "K05810_18"
    ],
    "K03783_15": [
        "K13481_23",
        "K00106_19",
        "K11177_25",
        "K00087_20"
    ],
    "K01081_6": [
        "K19572_13",
        "K05810_14",
        "K01488_12"
    ],
    "K19572_13": [
        "K09913_17",
        "K03783_15",
        "K03784_16",
        "K05810_18"
    ],
    "K03784_16": [
        "K13481_23",
        "K00106_19",
        "K11177_25",
        "K00087_20"
    ],
    "K13481_23": [
        "K13482_24"
    ],
    "K13482_24": [
        "SINK"
    ],
    "K05810_14": [
        "K09913_17",
        "K03784_16",
        "K03783_15",
        "K05810_18"
    ],
    "K19970_7": [
        "K19572_13",
        "K05810_14",
        "K01488_12"
    ],
    "K11177_25": [
        "K11178_26"
    ],
    "K11178_26": [
        "K13483_27"
    ],
    "K13483_27": [
        "SINK"
    ],
    "K02566_10": [
        "K19572_13",
        "K05810_14",
        "K01488_12"
    ],
    "K03787_9": [
        "K19572_13",
        "K05810_14",
        "K01488_12"
    ],
    "K18550_5": [
        "K09913_17",
        "K03783_15",
        "K05810_18",
        "K03784_16"
    ],
    "K19970_3": [
        "K09913_17",
        "K03783_15",
        "K05810_18",
        "K03784_16"
    ],
    "K01081_2": [
        "K09913_17",
        "K03784_16",
        "K03783_15",
        "K05810_18"
    ]
}