{
    "START": [
        "K00665_1",
        "K11533_4",
        "K00667_2",
        "K00647_5",
        "K09458_6"
    ],
    "K00665_1": [
        "SINK"
    ],
    "K09458_6": [
        "K00059_7"
    ],
    "K00059_7": [
        "K16363_10",
        "K01716_9",
        "K02372_8"
    ],
    "K16363_10": [
        "K02371_12",
        "K00208_11",
        "K00209_14",
        "K10780_13"
    ],
    "K10780_13": [
        "SINK"
    ],
    "K00647_5": [
        "K00059_7"
    ],
    "K00208_11": [
        "SINK"
    ],
    "K02372_8": [
        "K10780_13",
        "K00208_11",
        "K02371_12",
        "K00209_14"
    ],
    "K00209_14": [
        "SINK"
    ],
    "K11533_4": [
        "SINK"
    ],
    "K02371_12": [
        "SINK"
    ],
    "K01716_9": [
        "K10780_13",
        "K00209_14",
        "K02371_12",
        "K00208_11"
    ],
    "K00667_2": [
        "K00668_3"
    ],
    "K00668_3": [
        "SINK"
    ]
}