{
    "START": [
        "K25026_4",
        "K00886_5",
        "K00918_7",
        "K00845_3",
        "K12407_2",
        "K08074_6",
        "K00844_1"
    ],
    "K00845_3": [
        "K01810_8",
        "K13810_10",
        "K15916_11",
        "K06859_9"
    ],
    "K01810_8": [
        "K24182_15",
        "K00918_16",
        "K00850_12",
        "K16370_13",
        "K21071_14"
    ],
    "K24182_15": [
        "K01624_18",
        "K01623_17",
        "K16306_21",
        "K16305_20",
        "K11645_19"
    ],
    "K01623_17": [
        "K01803_22"
    ],
    "K01803_22": [
        "K00134_23",
        "K00150_24"
    ],
    "K00150_24": [
        "K11389_26",
        "K00927_25"
    ],
    "K00927_25": [
        "K15634_29",
        "K15635_30",
        "K15633_28",
        "K01834_27"
    ],
    "K01834_27": [
        "K01689_31",
        "K27394_32"
    ],
    "K27394_32": [
        "K12406_34",
        "K00873_33"
    ],
    "K12406_34": [
        "SINK"
    ],
    "K00886_5": [
        "K01810_8",
        "K13810_10",
        "K15916_11",
        "K06859_9"
    ],
    "K16370_13": [
        "K01624_18",
        "K01623_17",
        "K16306_21",
        "K16305_20",
        "K11645_19"
    ],
    "K00134_23": [
        "K11389_26",
        "K00927_25"
    ],
    "K11389_26": [
        "K15635_30",
        "K15633_28",
        "K15634_29",
        "K01834_27"
    ],
    "K15635_30": [
        "K01689_31",
        "K27394_32"
    ],
    "K01689_31": [
        "K00873_33",
        "K12406_34"
    ],
    "K00873_33": [
        "SINK"
    ],
    "K00918_7": [
        "K01810_8",
        "K13810_10",
        "K15916_11",
        "K06859_9"
    ],
    "K15916_11": [
        "K24182_15",
        "K00918_16",
        "K00850_12",
        "K16370_13",
        "K21071_14"
    ],
    "K01624_18": [
        "K01803_22"
    ],
    "K15633_28": [
        "K01689_31",
        "K27394_32"
    ],
    "K12407_2": [
        "K01810_8",
        "K13810_10",
        "K15916_11",
        "K06859_9"
    ],
    "K00850_12": [
        "K01624_18",
        "K01623_17",
        "K16306_21",
        "K16305_20",
        "K11645_19"
    ],
    "K15634_29": [
        "K01689_31",
        "K27394_32"
    ],
    "K06859_9": [
        "K24182_15",
        "K00918_16",
        "K00850_12",
        "K16370_13",
        "K21071_14"
    ],
    "K11645_19": [
        "K01803_22"
    ],
    "K21071_14": [
        "K01624_18",
        "K01623_17",
        "K16306_21",
        "K16305_20",
        "K11645_19"
    ],
    "K16306_21": [
        "K01803_22"
    ],
    "K00844_1": [
        "K01810_8",
        "K13810_10",
        "K15916_11",
        "K06859_9"
    ],
    "K08074_6": [
        "K01810_8",
        "K13810_10",
        "K15916_11",
        "K06859_9"
    ],
    "K13810_10": [
        "K24182_15",
        "K00918_16",
        "K00850_12",
        "K16370_13",
        "K21071_14"
    ],
    "K16305_20": [
        "K01803_22"
    ],
    "K00918_16": [
        "K01624_18",
        "K01623_17",
        "K16306_21",
        "K16305_20",
        "K11645_19"
    ],
    "K25026_4": [
        "K01810_8",
        "K13810_10",
        "K15916_11",
        "K06859_9"
    ]
}