{
    "START": [
        "K01596_1",
        "K01610_2"
    ],
    "K01610_2": [
        "K27394_4",
        "K01689_3"
    ],
    "K27394_4": [
        "K15633_6",
        "K15634_7",
        "K01834_5",
        "K15635_8"
    ],
    "K01834_5": [
        "K00927_9"
    ],
    "K00927_9": [
        "K00134_10",
        "K00150_11"
    ],
    "K00150_11": [
        "K01803_12"
    ],
    "K01803_12": [
        "K11645_15",
        "K01624_14",
        "K01623_13"
    ],
    "K01623_13": [
        "K11532_18",
        "K01622_21",
        "K02446_17",
        "K03841_16",
        "K01086_19",
        "K04041_20"
    ],
    "K03841_16": [
        "SINK"
    ],
    "K15635_8": [
        "K00927_9"
    ],
    "K00134_10": [
        "K01803_12"
    ],
    "K11532_18": [
        "SINK"
    ],
    "K01624_14": [
        "K11532_18",
        "K01622_21",
        "K03841_16",
        "K02446_17",
        "K01086_19",
        "K04041_20"
    ],
    "K01622_21": [
        "SINK"
    ],
    "K02446_17": [
        "SINK"
    ],
    "K01596_1": [
        "K27394_4",
        "K01689_3"
    ],
    "K01689_3": [
        "K15633_6",
        "K15634_7",
        "K01834_5",
        "K15635_8"
    ],
    "K15634_7": [
        "K00927_9"
    ],
    "K11645_15": [
        "K11532_18",
        "K01622_21",
        "K02446_17",
        "K03841_16",
        "K01086_19",
        "K04041_20"
    ],
    "K04041_20": [
        "SINK"
    ],
    "K15633_6": [
        "K00927_9"
    ],
    "K01086_19": [
        "SINK"
    ]
}