{
    "START": [
        "K02169_1"
    ],
    "K02169_1": [
        "K00647_2",
        "K09458_3"
    ],
    "K09458_3": [
        "K00059_4"
    ],
    "K00059_4": [
        "K02372_5"
    ],
    "K02372_5": [
        "K00208_6"
    ],
    "K00208_6": [
        "K09789_8",
        "K19560_9",
        "K19561_10",
        "K02170_7"
    ],
    "K19561_10": [
        "SINK"
    ],
    "K19560_9": [
        "SINK"
    ],
    "K00647_2": [
        "K00059_4"
    ],
    "K02170_7": [
        "SINK"
    ],
    "K09789_8": [
        "SINK"
    ]
}