{
    "START": [
        "K13542_3",
        "K02303_2",
        "K02302_1"
    ],
    "K13542_3": [
        "K24866_5",
        "K02304_4"
    ],
    "K24866_5": [
        "K02190_6",
        "K22011_8",
        "K03795_7"
    ],
    "K22011_8": [
        "K03394_9"
    ],
    "K03394_9": [
        "K13541_11",
        "K05934_10",
        "K21479_12"
    ],
    "K21479_12": [
        "K05936_13"
    ],
    "K05936_13": [
        "K13541_15",
        "K02189_14"
    ],
    "K02189_14": [
        "K02188_16"
    ],
    "K02188_16": [
        "K05895_17"
    ],
    "K05895_17": [
        "K02191_18"
    ],
    "K02191_18": [
        "K03399_19",
        "K00595_20"
    ],
    "K03399_19": [
        "K06042_21"
    ],
    "K06042_21": [
        "K02224_22"
    ],
    "K02224_22": [
        "SINK"
    ],
    "K02304_4": [
        "K02190_6",
        "K03795_7",
        "K22011_8"
    ],
    "K03795_7": [
        "K03394_9"
    ],
    "K13541_11": [
        "K05936_13"
    ],
    "K02302_1": [
        "K24866_5",
        "K02304_4"
    ],
    "K02190_6": [
        "K03394_9"
    ],
    "K05934_10": [
        "K05936_13"
    ],
    "K13541_15": [
        "K02188_16"
    ],
    "K00595_20": [
        "K06042_21"
    ],
    "K02303_2": [
        "K24866_5",
        "K02304_4"
    ]
}