{
    "START": [
        "K14082_1"
    ],
    "K14082_1": [
        "K16179_4",
        "K14084_6",
        "K16177_2"
    ],
    "K16177_2": [
        "K00399_8",
        "K16176_3"
    ],
    "K00399_8": [
        "K00401_9"
    ],
    "K00401_9": [
        "K00402_10"
    ],
    "K00402_10": [
        "K08264_17",
        "K22480_11",
        "K03388_14",
        "K03388_19"
    ],
    "K03388_19": [
        "K03389_20"
    ],
    "K03389_20": [
        "K03390_21"
    ],
    "K03390_21": [
        "K14127_22"
    ],
    "K14127_22": [
        "K14126_23",
        "K22516_25"
    ],
    "K14126_23": [
        "K14128_24"
    ],
    "K14128_24": [
        "SINK"
    ],
    "K16179_4": [
        "K00399_8",
        "K16178_5"
    ],
    "K16178_5": [
        "K00399_8"
    ],
    "K22480_11": [
        "K22481_12"
    ],
    "K22481_12": [
        "K22482_13"
    ],
    "K22482_13": [
        "SINK"
    ],
    "K14084_6": [
        "K00399_8",
        "K14083_7"
    ],
    "K14083_7": [
        "K00399_8"
    ],
    "K03388_14": [
        "K03389_15"
    ],
    "K03389_15": [
        "K03390_16"
    ],
    "K03390_16": [
        "SINK"
    ],
    "K16176_3": [
        "K00399_8"
    ],
    "K08264_17": [
        "K08265_18"
    ],
    "K08265_18": [
        "SINK"
    ],
    "K22516_25": [
        "K00125_26"
    ],
    "K00125_26": [
        "SINK"
    ]
}