{
    "START": [
        "K00164_1",
        "K00174_5",
        "K01616_3"
    ],
    "K00174_5": [
        "K00175_6"
    ],
    "K00175_6": [
        "K18118_13",
        "K01902_9",
        "K00176_8",
        "K00177_7",
        "K01899_11"
    ],
    "K00177_7": [
        "K01902_9",
        "K01899_11",
        "K00176_8",
        "K18118_13"
    ],
    "K18118_13": [
        "K00244_25",
        "K00239_19",
        "K00234_14"
    ],
    "K00239_19": [
        "K00240_20"
    ],
    "K00240_20": [
        "K00241_21"
    ],
    "K00241_21": [
        "K18859_23",
        "K01676_29",
        "K00242_22",
        "K18860_24",
        "K01677_31",
        "K01679_30"
    ],
    "K00242_22": [
        "K01677_31",
        "K01676_29",
        "K01679_30"
    ],
    "K01676_29": [
        "K00025_34",
        "K00026_33",
        "K00116_36",
        "K00024_35"
    ],
    "K00025_34": [
        "SINK"
    ],
    "K00164_1": [
        "K00658_2"
    ],
    "K00658_2": [
        "K00382_4"
    ],
    "K00382_4": [
        "K01902_9",
        "K01899_11",
        "K18118_13"
    ],
    "K00234_14": [
        "K00235_15"
    ],
    "K00235_15": [
        "K00236_16"
    ],
    "K00236_16": [
        "K00237_17",
        "K25801_18"
    ],
    "K25801_18": [
        "K01677_31",
        "K01676_29",
        "K01679_30"
    ],
    "K01679_30": [
        "K00025_34",
        "K00026_33",
        "K00116_36",
        "K00024_35"
    ],
    "K00024_35": [
        "SINK"
    ],
    "K01616_3": [
        "K00382_4"
    ],
    "K01902_9": [
        "K01903_10"
    ],
    "K01903_10": [
        "K00234_14",
        "K00239_19",
        "K00244_25"
    ],
    "K00244_25": [
        "K00245_26"
    ],
    "K00245_26": [
        "K00246_27"
    ],
    "K00246_27": [
        "K01677_31",
        "K00247_28",
        "K01679_30",
        "K01676_29"
    ],
    "K01899_11": [
        "K01900_12"
    ],
    "K01900_12": [
        "K00234_14",
        "K00239_19",
        "K00244_25"
    ],
    "K00026_33": [
        "SINK"
    ],
    "K00176_8": [
        "K01902_9",
        "K01899_11",
        "K18118_13"
    ],
    "K18860_24": [
        "K01677_31",
        "K01676_29",
        "K01679_30"
    ],
    "K01677_31": [
        "K01678_32"
    ],
    "K01678_32": [
        "K00116_36",
        "K00026_33",
        "K00025_34",
        "K00024_35"
    ],
    "K00247_28": [
        "K01677_31",
        "K01676_29",
        "K01679_30"
    ],
    "K00116_36": [
        "SINK"
    ],
    "K00237_17": [
        "K01677_31",
        "K01676_29",
        "K01679_30"
    ],
    "K18859_23": [
        "K01677_31",
        "K01676_29",
        "K01679_30"
    ]
}