{
    "START": [
        "K17900_14",
        "K01046_1",
        "K14073_5",
        "K14076_8",
        "K14675_13",
        "K14452_10",
        "K13534_4",
        "K14075_7",
        "K12298_2",
        "K14674_12",
        "K22284_11",
        "K22283_9",
        "K14074_6",
        "K16816_3"
    ],
    "K14452_10": [
        "K25824_16",
        "K01054_15"
    ],
    "K01054_15": [
        "SINK"
    ],
    "K17900_14": [
        "K25824_16",
        "K01054_15"
    ],
    "K25824_16": [
        "SINK"
    ],
    "K14674_12": [
        "K25824_16",
        "K01054_15"
    ],
    "K13534_4": [
        "K25824_16",
        "K01054_15"
    ],
    "K22284_11": [
        "K25824_16",
        "K01054_15"
    ],
    "K22283_9": [
        "K25824_16",
        "K01054_15"
    ],
    "K14074_6": [
        "K25824_16",
        "K01054_15"
    ],
    "K14075_7": [
        "K25824_16",
        "K01054_15"
    ],
    "K12298_2": [
        "K25824_16",
        "K01054_15"
    ],
    "K01046_1": [
        "K25824_16",
        "K01054_15"
    ],
    "K14675_13": [
        "K25824_16",
        "K01054_15"
    ],
    "K14076_8": [
        "K25824_16",
        "K01054_15"
    ],
    "K14073_5": [
        "K25824_16",
        "K01054_15"
    ],
    "K16816_3": [
        "K25824_16",
        "K01054_15"
    ]
}