{
    "START": [
        "K01965_1",
        "K11263_3",
        "K01964_9"
    ],
    "K11263_3": [
        "K19312_7",
        "K27094_5",
        "K18472_4"
    ],
    "K27094_5": [
        "K27095_6"
    ],
    "K27095_6": [
        "K05606_12"
    ],
    "K05606_12": [
        "K01848_14",
        "K01847_13"
    ],
    "K01847_13": [
        "SINK"
    ],
    "K19312_7": [
        "K22568_8"
    ],
    "K22568_8": [
        "K05606_12"
    ],
    "K01848_14": [
        "K01849_15"
    ],
    "K01849_15": [
        "SINK"
    ],
    "K01964_9": [
        "K15036_10"
    ],
    "K15036_10": [
        "K15037_11"
    ],
    "K15037_11": [
        "K05606_12"
    ],
    "K01965_1": [
        "K01966_2"
    ],
    "K01966_2": [
        "K05606_12"
    ],
    "K18472_4": [
        "K05606_12"
    ]
}