{
    "START": [
        "K00688_1",
        "K16153_2"
    ],
    "K16153_2": [
        "K01196_3",
        "K00705_4",
        "K22451_5"
    ],
    "K01196_3": [
        "K15778_10",
        "K01835_9",
        "K15779_8"
    ],
    "K15779_8": [
        "SINK"
    ],
    "K22451_5": [
        "K01200_7",
        "K02438_6"
    ],
    "K01200_7": [
        "K15778_10",
        "K01835_9",
        "K15779_8"
    ],
    "K01835_9": [
        "SINK"
    ],
    "K00688_1": [
        "K01196_3",
        "K00705_4",
        "K22451_5"
    ],
    "K00705_4": [
        "K01200_7",
        "K02438_6"
    ],
    "K15778_10": [
        "SINK"
    ],
    "K02438_6": [
        "K15778_10",
        "K01835_9",
        "K15779_8"
    ]
}