{
    "START": [
        "K00925_1",
        "K01895_3"
    ],
    "K00925_1": [
        "K00625_2"
    ],
    "K00625_2": [
        "K00193_4"
    ],
    "K00193_4": [
        "K00197_5"
    ],
    "K00197_5": [
        "K00194_6"
    ],
    "K00194_6": [
        "K00577_7"
    ],
    "K00577_7": [
        "K00578_8"
    ],
    "K00578_8": [
        "K00579_9"
    ],
    "K00579_9": [
        "K00580_10"
    ],
    "K00580_10": [
        "K00581_11"
    ],
    "K00581_11": [
        "K00583_13",
        "K00582_12",
        "K00584_14"
    ],
    "K00583_13": [
        "K00584_14"
    ],
    "K00584_14": [
        "K00399_15"
    ],
    "K00399_15": [
        "K00401_16"
    ],
    "K00401_16": [
        "K00402_17"
    ],
    "K00402_17": [
        "K22480_18",
        "K08264_24",
        "K03388_21",
        "K03388_26"
    ],
    "K22480_18": [
        "K22481_19"
    ],
    "K22481_19": [
        "K22482_20"
    ],
    "K22482_20": [
        "SINK"
    ],
    "K08264_24": [
        "K08265_25"
    ],
    "K08265_25": [
        "SINK"
    ],
    "K01895_3": [
        "K00193_4"
    ],
    "K00582_12": [
        "K00583_13",
        "K00584_14"
    ],
    "K03388_21": [
        "K03389_22"
    ],
    "K03389_22": [
        "K03390_23"
    ],
    "K03390_23": [
        "SINK"
    ],
    "K03388_26": [
        "K03389_27"
    ],
    "K03389_27": [
        "K03390_28"
    ],
    "K03390_28": [
        "K14127_29"
    ],
    "K14127_29": [
        "K14126_30",
        "K22516_32"
    ],
    "K14126_30": [
        "K14128_31"
    ],
    "K14128_31": [
        "SINK"
    ],
    "K22516_32": [
        "K00125_33"
    ],
    "K00125_33": [
        "SINK"
    ]
}