{
    "START": [
        "K02492_1"
    ],
    "K02492_1": [
        "K01845_2"
    ],
    "K01845_2": [
        "K01698_3"
    ],
    "K01698_3": [
        "K01749_4"
    ],
    "K01749_4": [
        "K13542_6",
        "K01719_5",
        "K13543_7"
    ],
    "K13542_6": [
        "K00589_9",
        "K02496_11",
        "K13543_13",
        "K02302_8",
        "K13542_12",
        "K02303_10"
    ],
    "K00589_9": [
        "K24866_15",
        "K02304_14"
    ],
    "K02304_14": [
        "SINK"
    ],
    "K13543_7": [
        "K00589_9",
        "K02496_11",
        "K13543_13",
        "K02302_8",
        "K02303_10",
        "K13542_12"
    ],
    "K13543_13": [
        "K24866_15",
        "K02304_14"
    ],
    "K24866_15": [
        "K03794_16"
    ],
    "K03794_16": [
        "SINK"
    ],
    "K13542_12": [
        "K24866_15",
        "K02304_14"
    ],
    "K02302_8": [
        "SINK"
    ],
    "K01719_5": [
        "K00589_9",
        "K02496_11",
        "K13543_13",
        "K02302_8",
        "K02303_10",
        "K13542_12"
    ],
    "K02496_11": [
        "K24866_15",
        "K02304_14"
    ],
    "K02303_10": [
        "K24866_15",
        "K02304_14"
    ]
}