{
    "START": [
        "K05942_2",
        "K01647_1",
        "K01659_3"
    ],
    "K01659_3": [
        "K27802_5",
        "K01681_4",
        "K01682_6"
    ],
    "K01682_6": [
        "K00030_8",
        "K00031_7"
    ],
    "K00031_7": [
        "SINK"
    ],
    "K05942_2": [
        "K27802_5",
        "K01682_6",
        "K01681_4"
    ],
    "K01681_4": [
        "K00030_8",
        "K00031_7"
    ],
    "K00030_8": [
        "SINK"
    ],
    "K01647_1": [
        "K27802_5",
        "K01681_4",
        "K01682_6"
    ],
    "K27802_5": [
        "K00030_8",
        "K00031_7"
    ]
}