{
    "START": [
        "K00955_3",
        "K00956_5",
        "K00958_1"
    ],
    "K00958_1": [
        "K00860_2"
    ],
    "K00860_2": [
        "K00390_8"
    ],
    "K00390_8": [
        "K00392_11",
        "K00380_9"
    ],
    "K00392_11": [
        "SINK"
    ],
    "K00955_3": [
        "K00957_4"
    ],
    "K00957_4": [
        "K00390_8"
    ],
    "K00380_9": [
        "K00381_10"
    ],
    "K00381_10": [
        "SINK"
    ],
    "K00956_5": [
        "K00957_6"
    ],
    "K00957_6": [
        "K00860_7"
    ],
    "K00860_7": [
        "K00390_8"
    ]
}