{
    "START": [
        "K05551_1"
    ],
    "K05551_1": [
        "K05552_2"
    ],
    "K05552_2": [
        "K05553_3"
    ],
    "K05553_3": [
        "K12420_4",
        "K15884_7",
        "K14249_6",
        "K05554_5",
        "K15885_8"
    ],
    "K15885_8": [
        "K05555_9",
        "K15886_11",
        "K14250_10"
    ],
    "K05555_9": [
        "SINK"
    ],
    "K12420_4": [
        "K15884_7",
        "K05554_5",
        "K14249_6",
        "K15885_8"
    ],
    "K05554_5": [
        "K05555_9",
        "K15886_11",
        "K14250_10"
    ],
    "K15886_11": [
        "SINK"
    ],
    "K14250_10": [
        "SINK"
    ],
    "K15884_7": [
        "K05555_9",
        "K15886_11",
        "K14250_10"
    ],
    "K14249_6": [
        "K05555_9",
        "K15886_11",
        "K14250_10"
    ]
}