{
    "START": [
        "K15842_1"
    ],
    "K15842_1": [
        "K12086_2"
    ],
    "K12086_2": [
        "K12088_4",
        "K12087_3"
    ],
    "K12088_4": [
        "K12089_5"
    ],
    "K12089_5": [
        "K12090_6"
    ],
    "K12090_6": [
        "K03196_7"
    ],
    "K03196_7": [
        "K12091_8"
    ],
    "K12091_8": [
        "K12092_9",
        "K12093_10"
    ],
    "K12092_9": [
        "K12093_10"
    ],
    "K12093_10": [
        "K12094_11"
    ],
    "K12094_11": [
        "K12095_12"
    ],
    "K12095_12": [
        "K12096_13"
    ],
    "K12096_13": [
        "K12097_14"
    ],
    "K12097_14": [
        "K12098_15"
    ],
    "K12098_15": [
        "K12099_16",
        "K12101_18",
        "K12100_17"
    ],
    "K12100_17": [
        "K12101_18"
    ],
    "K12101_18": [
        "K12102_19"
    ],
    "K12102_19": [
        "K12103_20"
    ],
    "K12103_20": [
        "K12104_21"
    ],
    "K12104_21": [
        "K12105_22"
    ],
    "K12105_22": [
        "K12106_23"
    ],
    "K12106_23": [
        "K12107_24"
    ],
    "K12107_24": [
        "K12108_25"
    ],
    "K12108_25": [
        "K12109_26"
    ],
    "K12109_26": [
        "K12110_27"
    ],
    "K12110_27": [
        "SINK"
    ],
    "K12099_16": [
        "K12101_18",
        "K12100_17"
    ],
    "K12087_3": [
        "K12088_4"
    ]
}