{
    "START": [
        "K16157_4",
        "K10944_1"
    ],
    "K10944_1": [
        "K10945_2"
    ],
    "K10945_2": [
        "K10946_3"
    ],
    "K10946_3": [
        "K23995_12",
        "K14028_10"
    ],
    "K23995_12": [
        "SINK"
    ],
    "K16157_4": [
        "K16158_5"
    ],
    "K16158_5": [
        "K16159_6"
    ],
    "K16159_6": [
        "K16160_7"
    ],
    "K16160_7": [
        "K16161_8"
    ],
    "K16161_8": [
        "K16162_9"
    ],
    "K16162_9": [
        "K23995_12",
        "K14028_10"
    ],
    "K14028_10": [
        "SINK",
        "K14029_11"
    ],
    "K14029_11": [
        "SINK"
    ]
}