{
    "START": [
        "K05942_2",
        "K01647_1",
        "K01659_3"
    ],
    "K01647_1": [
        "K27802_5",
        "K01681_4",
        "K01682_6"
    ],
    "K01682_6": [
        "K00030_8",
        "K00031_7"
    ],
    "K00031_7": [
        "K01616_11",
        "K00174_13",
        "K00164_9"
    ],
    "K00174_13": [
        "K00175_14"
    ],
    "K00175_14": [
        "K01902_17",
        "K00176_16",
        "K00177_15",
        "K01899_19",
        "K18118_21"
    ],
    "K00177_15": [
        "K18118_21",
        "K01902_17",
        "K00176_16",
        "K01899_19"
    ],
    "K01902_17": [
        "K01903_18"
    ],
    "K01903_18": [
        "K00244_33",
        "K00234_22",
        "K00239_27"
    ],
    "K00234_22": [
        "K00235_23"
    ],
    "K00235_23": [
        "K00236_24"
    ],
    "K00236_24": [
        "K25801_26",
        "K00237_25"
    ],
    "K00237_25": [
        "K01676_37",
        "K01677_39",
        "K01679_38"
    ],
    "K01676_37": [
        "K00025_42",
        "K00026_41",
        "K00024_43",
        "K00116_44"
    ],
    "K00116_44": [
        "SINK"
    ],
    "K27802_5": [
        "K00030_8",
        "K00031_7"
    ],
    "K00164_9": [
        "K00658_10"
    ],
    "K00658_10": [
        "K00382_12"
    ],
    "K00382_12": [
        "K18118_21",
        "K01902_17",
        "K01899_19"
    ],
    "K18118_21": [
        "K00239_27",
        "K00244_33",
        "K00234_22"
    ],
    "K00239_27": [
        "K00240_28"
    ],
    "K00240_28": [
        "K00241_29"
    ],
    "K00241_29": [
        "K00242_30",
        "K01676_37",
        "K18860_32",
        "K01679_38",
        "K18859_31",
        "K01677_39"
    ],
    "K00242_30": [
        "K01676_37",
        "K01677_39",
        "K01679_38"
    ],
    "K01679_38": [
        "K00025_42",
        "K00026_41",
        "K00024_43",
        "K00116_44"
    ],
    "K00030_8": [
        "K01616_11",
        "K00174_13",
        "K00164_9"
    ],
    "K01899_19": [
        "K01900_20"
    ],
    "K01900_20": [
        "K00239_27",
        "K00244_33",
        "K00234_22"
    ],
    "K00025_42": [
        "SINK"
    ],
    "K05942_2": [
        "K27802_5",
        "K01681_4",
        "K01682_6"
    ],
    "K01616_11": [
        "K00382_12"
    ],
    "K25801_26": [
        "K01676_37",
        "K01677_39",
        "K01679_38"
    ],
    "K01659_3": [
        "K27802_5",
        "K01681_4",
        "K01682_6"
    ],
    "K00176_16": [
        "K18118_21",
        "K01902_17",
        "K01899_19"
    ],
    "K18860_32": [
        "K01676_37",
        "K01677_39",
        "K01679_38"
    ],
    "K01677_39": [
        "K01678_40"
    ],
    "K01678_40": [
        "K00025_42",
        "K00116_44",
        "K00026_41",
        "K00024_43"
    ],
    "K01681_4": [
        "K00030_8",
        "K00031_7"
    ],
    "K00026_41": [
        "SINK"
    ],
    "K00244_33": [
        "K00245_34"
    ],
    "K00245_34": [
        "K00246_35"
    ],
    "K00246_35": [
        "K01676_37",
        "K01677_39",
        "K00247_36",
        "K01679_38"
    ],
    "K18859_31": [
        "K01676_37",
        "K01677_39",
        "K01679_38"
    ],
    "K00024_43": [
        "SINK"
    ],
    "K00247_36": [
        "K01676_37",
        "K01677_39",
        "K01679_38"
    ]
}